mint,opened_at,opened_sig,tokens,cost_lamports,name,symbol,closed_at,close_reason,proceeds_lamports,pnl_lamports,pnl_pct,creator,creator_first_time,creator_creates_count,creator_initial_buy_lamports,volume_window_seconds,volume_lamports,volume_measured_at
4VLGzNJ8GTH5EcD8Xo2bnSi4AB124XW8ZxU3WfFVsLjL,1757407840,sim-1757407844811,35323928472,1000000,fat pigeon,pigeon,1757407855,TP,1519762,519762,0.5197,HKTZjhSeGQUhrsaCAwcCgjcHM1u1Y2A4Vw3FPTqoJEwk,0,2,1915595840,15,4343256538,1757407861
2bXhxqkh4duW2k9MeUs74UaCX1QZ5Y8C6qwwPCxVEt48,1757407840,sim-1757407847214,35323928472,1000000,pointing dog,UDOG,1757407883,FLAT,1153478,153478,0.1534,FYc3FosJywbELnfVA79ic9mbpYBLhNgSGYHtZ5UeoQta,0,2,1014562951,15,1027995899,1757407860
B371qXaJQPVqGMh53yKP8GTBfhg25rKLqVUxDvSkzvgs,1757407847,sim-1757407851047,35323928472,1000000,The End Coin,END,1757407862,NOFLOW,981675,-18325,-0.0183,6wrMNKxUX1wNB6rsaipve9bxe77k66H2vonmKwsgziBv,0,4,115595841,15,0,1757407868
HCanv1xyDbxuYxtSYoyVmsGjeL3QbXj2nu67vzvkrdFu,1757407854,sim-1757407858853,35323928472,1000000,TRUMAN,$TTS,1757407869,NOFLOW,1057609,57609,0.0576,2kdnVr4ARb5Fw24Y86uYCyNNJtkX4mu25V8nFC4AAik7,0,2,1264294454,15,7919498,1757407874
95D8hqMxTm9DnYhJXKKEzewgSKuSxk6N6akXcxgpfYBT,1757407854,sim-1757407865109,35323928472,1000000,Hodlana,Hodlana,1757407869,NOFLOW,982904,-17096,-0.017,HJgPJ7NK2DimzvMK2b1FB5PrKGyzh6TdQYhXd9aekqGK,0,2,116486721,15,-779022718,1757407874
BaPdWTsvr3BzTS8wkbYJBq7xNppuZP3uGeEUdHkdebE1,1757407894,sim-1757407897766,35323928472,1000000,ATAMA,ATAMA,1757407909,NOFLOW,1087459,87459,0.0874,Ab41oHNm7nYmkgZgssZAxsaVdkvucpJi99iHJTfzfGNh,0,2,1716486721,15,0,1757407914
EgyoAPx2YVpsJyZvF9QF3o15THTz9MRXL2WW5V6EjBki,1757407910,sim-1757407914609,35323928472,1000000,Crimecoin,MYX,1757407925,NOFLOW,1040512,40512,0.0405,GgbCFRHHAPv5i1fqt1D1buf8FPNA31oKrkZvXDyZymsT,0,2,1015595840,15,-792079216,1757407930
HveBK5oY6FUiSUaBz1JZNsdDqriexgiBUx9EWMx8fQgK,1757407939,sim-1757407944032,35323928472,1000000,Christian Lore,CL,1757407954,NOFLOW,1040512,40512,0.0405,3brzSAkHGHwUXrNS9RmLASeRybE38CJpPJPnLVxfRi4B,0,2,1015595840,15,-97777776,1757407959
SF7znUjiTGtJK6rgQM3Csuj5RSNKHm9vLXDpYWVF8kR,1757407945,sim-1757407950869,35323928472,1000000,First Ever Pepe,FEPE,1757407960,NOFLOW,976525,-23475,-0.0234,2SFJVpEFMSoAvWq23GYxca4wdiavPEhb2YVs5jcu3zWw,0,2,116486721,15,-79041810,1757407965
GBdJNVPbme9TSjVvEbZT89kA2cH9M2ivnk8pmGCDsecQ,1757408032,sim-1757408035721,35323928472,1000000,Minecraft Support Virtual Agent,Merl,1757408047,NOFLOW,1040512,40512,0.0405,BGdW2ZiZVYr13v2shxKsbR8cCaTDatJvmrzrWjBwbSCy,0,2,1015595840,15,0,1757408052
EkTeP8a2r4aze2LQ9YE4xNMYNWeawu1b88Vq6SnLpump,1757408033,sim-1757408037654,35323928472,1000000,Trump Poppin' Pills,TRUMPILL,1757408048,NOFLOW,1473264,473264,0.4732,Cf9s58csGEyrLKMPZv4qN6f18JwfWWuND51bjAHikky5,0,2,15595840,15,0,1757408053
FzrFkCfmG3hEj1BNH5DasHp4vGStW8y4geKM45zpump,1757408083,sim-1757408088022,35323928472,1000000,Just art,art ,1757408098,NOFLOW,1009370,9370,0.0093,DgnihNZgK3EqcSrgEg6pXjRZ3Ei9s5mD1EUDDzS4882A,0,2,1028506479,15,-3635991313,1757408103
EKDZhzn1AYBSPKBrFJx734DwqthhtnKVsmYwMYmmXT8k,1757408091,sim-1757408095306,35323928472,1000000,Pumpfun Voice Chat Official,PVC,1757408151,TTL,1007613,7613,0.0076,D1WMyMNd3oMqzR2XUi1pMkvFQ2YXE4huwkqYrbQzWui2,0,2,515595841,15,977777777,1757408111
8sQBdSLiDT1rF6S9wUvX58A2hk9HsTV7TpwkUqeD82pN,1757408119,sim-1757408121829,35323928472,1000000,the banksy coverup ,banksy,1757408134,NOFLOW,1027290,27290,0.0272,HDbnEunkvy5c4kvagRANxBYFZoL76bWXqdYmeRR4NLoU,0,2,816486720,15,-999999999,1757408139
4MQ8Zr1owopVEx4pHJa67H35PSanYJBAWvjag8pJBL5i,1757408126,sim-1757408130663,35323928472,1000000,society if…,society,1757408174,TP,1526355,526355,0.5263,2Vw6nmojGiHcxfGWeXUrSs65q51gbqDNF5N9Xe9ahHib,0,3,25585838,15,5262092083,1757408146
Cxo59dmFmNo6PFAPQNjvDUH742fKCjTxm2YvT2fXo3Wx,1757408217,sim-1757408221756,35323928472,1000000,DRAKO,DRAKO,1757408256,TP,1509061,509061,0.509,FuWnJdiS3ni465ZD3jtMMWCgrLip5ocvwcsw4H9ZRB7B,0,2,471631564,15,463312654,1757408237
BFqXk1tcxSAem1kyikmzwzqFtHujd3ffRDfT4oN6zrYn,1757408248,sim-1757408254086,35323928472,1000000,noob coin,noob,1757408263,NOFLOW,1037491,37491,0.0374,HVohvu4tamDuURRPv4iuRsJ2Eo6TqswkAm8R2RpNTkmL,0,2,1015595840,15,659582,1757408268
BZQ82GxtW9AMaxwAsR18r3GAAmdBh2LL4cnKqCzjrJwy,1757408289,sim-1757408292684,35323928472,1000000,Diamond,Diamond,1757408304,NOFLOW,995989,-4011,-0.004,5gR6jqriu9pTinva9qmCAm4ejGpZk9qgBVcok1HrAX8c,0,2,116386393,15,-779490151,1757408309
5c5T7tgXc4R9xrX2e8tXtJBQsH4it8hzDXRKd4HnaLkV,1757408294,sim-1757408298192,35323928472,1000000,OstrichEgg,OstrichEgg,1757408309,NOFLOW,1082221,82221,0.0822,3cfbXpViycT58YyWEhGj6EvsU1Ka6MyXBG8Yt75dLcfS,0,2,1716486721,15,-16320084,1757408314
A97FrY5vxQC2VWh1zjcU2Zwy9Skas98pn41bnTjcpump,1757408305,sim-1757408308819,35323928472,1000000,Trump Poppin' Pills,TRUMPILL,1757408320,NOFLOW,1485330,485330,0.4853,8peVxLuPXETTsmkFHqiqn7tz8NSkAyXbogRmTWKtNguG,0,2,15595840,15,-101170769,1757408325
Dwgb4scLULGiRSdfLcEk4f94vP2unbW1vyvqvhUFmubX,1757408334,sim-1757408338042,35323928472,1000000,Hands UP,BUY,1757408349,NOFLOW,1083920,83920,0.0839,gangJEP5geDHjPVRhDS5dTF5e6GtRvtNogMEEVs91RV,0,5,1365595840,15,-917223663,1757408354
Cvxr4tRrmmvYynZWy4TKZUDWuY3nmLNQzk4fygZ8MZ7t,1757408368,sim-1757408372573,35323928472,1000000,HOSING HOES,TUCO,1757408383,NOFLOW,997846,-2154,-0.0021,DasofR2wRgZXZnciAkDhsU2C5xc4wFR6op3AprqiGukt,0,3,365595841,15,0,1757408388
BtscBQpiJPJzLRU5Ye2YnfugSB3FMJ3MiFU68KaVA6yi,1757408372,sim-1757408376322,35323928472,1000000,CORGI ORGY,CORGI,1757408387,NOFLOW,1107224,107224,0.1072,5TkE9VcraQp4nQWQAsaahr8Dvmr3JeNh5h3i9F7GAdAQ,0,2,1016486720,15,-426410793,1757408392
9qHi2kwNqLDpDukbz4vLFrwZGqdBVGwPKBuBVx2BmFXJ,1757408387,sim-1757408390525,35323928472,1000000,Crosseyed Sally,SALLY,1757408422,FLAT,978456,-21544,-0.0215,ZdQKGL4UNzg28drits4u5W4XhmkCXt8hG35b9MtdUZK,0,2,46486720,15,19753086,1757408407
4N97DLaoAoE9s2VwPJuD34kFjtMrZLZUAt8adswupump,1757408388,sim-1757408393868,35323928472,1000000,France Take Over,FTO,1757408403,NOFLOW,975815,-24185,-0.0241,2uBreWkG6h5a8JtQPExS6MqDbV8kpZX2absr1AL6ym14,0,2,15595840,15,0,1757408408
7c5uvXsbTf1beNj1M5seKE9kTVZyH5z4hFVPBuaWtevB,1757408398,sim-1757408402723,35323928472,1000000,DEATH PENALTY ,DEATH,1757408414,NOFLOW,994601,-5399,-0.0053,CkDgg9fk4b8BQe1vjoco4JEKhqFBHXU9gGD6QdTNkZFD,0,2,315595840,15,0,1757408418
uKzFX87FLUeCby2v2h7umcPitJMGd79z4ezNBYg99EZ,1757408430,sim-1757408433733,35323928472,1000000,Official PIXTEL ,PIXTEL,1757408464,FLAT,977492,-22508,-0.0225,CsYZwTyjsweJC5Rs8uJze1qgWuFfAdnvbYCuXK5XSsTm,0,2,31486720,15,19753086,1757408450
CoVvVpso68WPdhFqhqHdkvLMsMLwvMvLyExKwPahpump,1757408436,sim-1757408439731,35323928472,1000000,Spirit Of Pump,chudda,1757408451,NOFLOW,975242,-24758,-0.0247,2uBreWkG6h5a8JtQPExS6MqDbV8kpZX2absr1AL6ym14,0,3,15595840,15,0,1757408456
4369NFms3BTTEbiVVrZ8ra88pmLU1n9chPcNdM3aaJYr,1757408438,sim-1757408445147,35323928472,1000000,SolidCoin,SC,1757408499,TTL,975242,-24758,-0.0247,J2UhEbRb3CEQVzz7YnuG7XXV3TmZUSN3BGbRbHF3aoPK,0,3,1015595840,15,244542222,1757408458
E1g6BJU5beGHBBAxYGmwEbJ7DfC73HwEcuH2aNPWJfmd,1757408468,sim-1757408475173,35323928472,1000000,SAFEPUMP,SAFEPUMP,1757408483,NOFLOW,1040512,40512,0.0405,9gWRRKrXsdksU6PmeSqSJ75htCyaYtUe8BtP97S89bxu,0,2,1015595840,15,0,1757408488
FYPP1X2r3hDC9UG17ngs31RBb7JYPB83ravkfFYVpump,1757408485,sim-1757408489419,35323928472,1000000,Spirit Of Pump,chudda,1757408500,NOFLOW,1481954,481954,0.4819,2V65bSZCMjpi4RyKSScxNerg6s6HsFsPc414KBz3hDrg,0,2,15595840,15,-152076524,1757408505
3jTokFLwopPsiphNCaU6BtTSqGqcSK2goU6SePzEXzLt,1757408525,sim-1757408528392,35323928472,1000000,SAFEPUMP,SAFEPUMP,1757408540,NOFLOW,1040512,40512,0.0405,9gWRRKrXsdksU6PmeSqSJ75htCyaYtUe8BtP97S89bxu,0,3,1015595840,15,0,1757408545
Bpsj8iKkoedv28eNYSor3yHCLnf2J4zdQdiAehwrpump,1757408530,sim-1757408539150,35323928472,1000000,Popcat,Tsukune,1757408545,NOFLOW,975242,-24758,-0.0247,2uBreWkG6h5a8JtQPExS6MqDbV8kpZX2absr1AL6ym14,0,4,15595840,15,0,1757408550
AfmgNHrFyp6eJFLVrMSnRxe3A1DN1YJcHdKccy4UhmtH,1757408550,sim-1757408553292,35323928472,1000000,David Anthony Burke,d4vd,1757408565,NOFLOW,1040512,40512,0.0405,8brAzaDP11GWz5aEbbPjm8heuUUcXHKgfncfmsm8fdio,0,2,1016486720,15,-1499999999,1757408570
2PMxnaqrDxrMwxjCAs2HoQj2Ej1ovYRh6WWkXQAP5BRk,1757408567,sim-1757408570400,35323928472,1000000,this will always win,HOUSE,1757408582,NOFLOW,1045542,45542,0.0455,HVohvu4tamDuURRPv4iuRsJ2Eo6TqswkAm8R2RpNTkmL,0,4,1215595841,15,-122715927,1757408587
JBpLxEHMV8YzP1hUZ2pguddwCAnVUeeWpyUNtuTFpump,1757408574,sim-1757408577459,35323928472,1000000,Popcat,Tsukune,1757408589,NOFLOW,1473264,473264,0.4732,GgrmzekXeJeBmmL3bQSLS4rPYbh4gbPJmQqFY3aWtvBi,0,2,15595840,15,0,1757408594
8PfZ9XsW4YYSd34MEyp6CLfrteReQQdsgDKRKtXqu5St,1757408598,sim-1757408602528,35323928472,1000000,SurfDogs,SurfDogs,1757408613,NOFLOW,1073834,73834,0.0738,DJT7655sqtNTsk3LbAqYwXNyLo5rM2X5nyrzFRjehdjU,0,2,1415595841,15,-89979298,1757408618
ApBQbs5smjcKkE82HU94DVcCLr3AAftYhWZ6gcwFyGK7,1757408608,sim-1757408613913,35323928472,1000000,Fyrn the final boss ,Fyrn,1757408623,NOFLOW,994582,-5418,-0.0054,7sh7dRRcWNwg2dnEnkzRkME8jjqKgxQp5QcPZQhrdYbk,0,2,315292882,15,-1219320997,1757408628
57cPqwxGF9rkq4izxqBwCGbTQ6PyvSn3kJu8aJPJhwmr,1757408610,sim-1757408615698,35323928472,1000000,ostrash,ostrash,1757408619,TP,1571836,571836,0.5718,HKTZjhSeGQUhrsaCAwcCgjcHM1u1Y2A4Vw3FPTqoJEwk,0,3,1915595840,15,4768414661,1757408630
uPXPhEXb8cP1jkd1xrrbxJSMt47TSEEKRvu7jS4pump,1757408614,sim-1757408619056,35323928472,1000000,Movement Coin,MOVEMENT,1757408621,TP,10157562,9157562,9.1575,DM6Mndth6DfY2EihVV37WB5VUnmN9quFhjG8pLAtuc4n,0,2,1028506479,15,4604582595,1757408634
BzHXR3Ji9Eqe7rSu6RyFGSrXUJZXRJq5U2LZkLxstm7v,1757408621,sim-1757408625757,35323928472,1000000,pointing dog,U,1757408636,NOFLOW,1047744,47744,0.0477,FYc3FosJywbELnfVA79ic9mbpYBLhNgSGYHtZ5UeoQta,0,3,1124445320,15,-393033546,1757408641
GCJ2bnGtQnAG758eFXExeXxNLTy3v9k1AiQcH9CZc69L,1757408645,sim-1757408648983,35323928472,1000000,Porta Realm,PORTA,1757408660,NOFLOW,1042502,42502,0.0425,89ZcuR2VNsL4jK8gzMzvJEuS4DsDFHzoBtr5Lu68CJ1r,0,2,1045595840,15,0,1757408665
5bkoN1iFmNcDmADvMsnDHAYVCV4A6m8H1SirLZSAmv15,1757408650,sim-1757408654469,35323928472,1000000,MILFJAK,MILFJAK,1757408665,NOFLOW,1030155,30155,0.0301,Ej9juS6Duqg3RPFfSbtTiTxTrtdYaQD7L9qUBHasY6Ja,0,2,1015595840,15,-1657274580,1757408670
G4KNWvZZZadTo98qMnSMeGZcsbhzM9gVNF35Pcr1pump,1757408680,sim-1757408683393,35323928472,1000000,Popcat,Tsukune,1757408695,NOFLOW,1482083,482083,0.482,LqJqpK5E4ufdJh9MUgssu7mSSqbKRYugbErLYXrWiBa,0,2,15595840,15,-152089788,1757408700
HQa4tBqHia3cLh8Bub3UFATQwMxM1LzyKu2zcU6Mpump,1757408710,sim-1757408713373,35323928472,1000000,d4vd cult,6 7,1757408725,NOFLOW,986993,-13007,-0.013,GsN9865YmzAsNmrB6vSz2gH9HhDMPxuMmfMTkmCFBxHb,0,2,1636486720,15,0,1757408730
2uamd4PzTd4cxhf96dmH4pVL19e6XQJPkH8s1AxxKQoV,1757408715,sim-1757408719246,35323928472,1000000,Tianyu the Celebrity Rabbit,Tianyu,1757408730,NOFLOW,1141634,141634,0.1416,4x49xBsAfqLi7DsYbR7qYR5Hp2MpFCC1Ceoab5KBfD62,0,2,1466486721,15,-773415372,1757408735
5XoXVtWiAkVgicLvje58BCnxiuyQrrhb9mM2zgGMpump,1757408732,sim-1757408736381,35323928472,1000000,Trading Language Model,NUMERAI,1757408748,NOFLOW,975243,-24757,-0.0247,5xUSZRVEiGMAD8PpMKzDHKWWLRzBjuKSRg1MusTcMJvE,0,5,15116615,15,0,1757408752
AAkNPNPdPXcMi9JXguooN3RcuKHGrsNdFq1hfpmwpump,1757408732,sim-1757408738895,35323928472,1000000,Trading Language Model,NUMERAI,1757408749,NOFLOW,975243,-24757,-0.0247,5xUSZRVEiGMAD8PpMKzDHKWWLRzBjuKSRg1MusTcMJvE,0,6,15116615,15,0,1757408752
D19bFsLeHv8DYovecwerh97U59cfLtDHs5Uswpsrrv6V,1757408744,sim-1757408748479,35323928472,1000000,Activate Trump Pump,TrumpPump,1757408759,NOFLOW,1007105,7105,0.0071,CcMT89TSL5RTc5J3LwZ5HQaiS5Q6cRSuDxJh93ud6wkj,0,2,306193955,15,-1962132080,1757408764
CmwUBR665GemfVZqcy5kRPiBoiBaj33HPfyNBqJNpump,1757408749,sim-1757408754442,35323928472,1000000,Trump Poppin' Pills,TRUMPILL,1757408766,NOFLOW,1473264,473264,0.4732,FfpuhHv9SLA2msjaFBw9wDwMYpGRzW6rmdjC9C44nvDW,0,2,15595840,15,0,1757408769
3ia4iXFd3o8NyKbHVLiW9Aaxw4DuQELdMMJ3KWATrqBo,1757408749,sim-1757408756835,35323928472,1000000,Potter Ahead ,POTHED,1757408766,NOFLOW,990228,-9772,-0.0097,DkvUTiF9EzR2MMpiqZkTxdqYfZodErucqV5d2frJ2heD,0,2,26476718,15,0,1757408769
AzdD7Lxd3z6xVtNXAVWsLJPN85TSfB4LwdYonhVHDr4e,1757408750,sim-1757408760301,35323928472,1000000,The Meme Vault,MemeVault,1757408765,NOFLOW,1032488,32488,0.0324,6xP9JquyiAwxeQbierZNznjiEEJPxs2uy6e1uLmyzC81,0,2,301343725,15,-586,1757408770
F3Zd97Fsxo7D3GCfLRem9Mw2yQAvxcGgvKfyX29R1foW,1757408780,sim-1757408783463,35323928472,1000000,LOCAL AREA NETWORK,LAN,1757408795,NOFLOW,988127,-11873,-0.0118,48asvRDEuZtEYWUJYxMWFw78LJn2HumBAZ9iGGCQPnw8,0,2,215595841,15,0,1757408800
CxERNroURgf4d54SheqSzKuApGoQ5mmk5suMMav1Rqzj,1757408810,sim-1757408813482,35323928472,1000000,TODDO,TODDO,1757408870,TTL,1498973,498973,0.4989,BaoN64YPzYcThQbyqxcqiXap6Nyrw2rDh95zQRSRrpQJ,0,2,552631579,15,259333191,1757408830
2AZXu1uaD1ptV99WFpkR76269MkEytLSUMobyLLonrvW,1757408826,sim-1757408829586,35323928472,1000000, blob profile,blob,1757408848,NOFLOW,1023594,23594,0.0235,HVohvu4tamDuURRPv4iuRsJ2Eo6TqswkAm8R2RpNTkmL,0,5,1015595840,15,-252960443,1757408846
Afb31iGrPzoAjtJokP6PbznK3L4tVafZn8yGoDtm1PMt,1757408834,sim-1757408840889,35323928472,1000000,Jail Kitten,JK,1757408849,NOFLOW,975242,-24758,-0.0247,2MYzciRvfF2Cv21zyxNj7GjZjcaSJeaTWrETX48JLgY1,0,3,25695840,15,-9875307,1757408854
Bm2GkiB58E2QuHpU4bLikYxdkk9o4jeQgbfMudVz8deS,1757408843,sim-1757408849293,35323928472,1000000,Justice for Black Dahlia,Elizabeth,1757408858,NOFLOW,1040512,40512,0.0405,8iQMg4v5EFsPpyWRmgGRnZHj9eXu8tvaYjPreiKqnrzK,0,2,1016486720,15,0,1757408863
DMd9isHRVt5rYFsp4L2W6hJzAxSMPSFDtc5Y26WSpump,1757408869,sim-1757408875003,35323928472,1000000,AssetLiabilityDebtDerivativeInve,ALADDIN,1757408885,NOFLOW,975243,-24757,-0.0247,5xUSZRVEiGMAD8PpMKzDHKWWLRzBjuKSRg1MusTcMJvE,0,10,15116615,15,0,1757408889
DoHhp1Uspa5NydFNZovCXuKyvkfRJzr9WPE5Rnfkpump,1757408869,sim-1757408878208,35323928472,1000000,AssetLiabilityDebtDerivativeInve,ALADDIN,1757408884,NOFLOW,984896,-15104,-0.0151,5xUSZRVEiGMAD8PpMKzDHKWWLRzBjuKSRg1MusTcMJvE,0,11,15116615,15,99969,1757408889
CFmDhSFeNDrHEFZ9Y9Qu2F6PonmmofXrBbNMy2Tjpump,1757408880,sim-1757408887684,35323928472,1000000,Relief Of Missing Out,ROMO,1757408897,TP,1504849,504849,0.5048,C4PqbyKyEYgTVtK2EWbL5VgcfYFUbfLBL5PkiqfbDTDK,0,4,1481536695,15,2224303719,1757408900
EuFCTmKGEhe9DFoR18pbr3uLN7eVAvcvCdaiQGuNrGLc,1757408881,sim-1757408891200,35323928472,1000000,Emotional AI,GEMINI,1757408896,NOFLOW,1078802,78802,0.0788,EtdYqnuKQsjcsDTn2yVcdiBdbe5BVFM6hQxCEdQmNBMB,0,2,216486721,15,4170242809,1757408901
HXWU2hcZgAZSkVJEWkJGND3S3bduxHrz1HKRaWPUunyy,1757408922,sim-1757408925930,35323928472,1000000,Micheal Jordan,No No No,1757408937,NOFLOW,1086171,86171,0.0861,7RBffKaM56HqWz4wFnDihmfzWT75ef3AbbTJdjdLJniN,0,2,1015595840,15,-570547109,1757408942
7C66P2na2KcwVpwmoMCu82UK1ui97trW4zQ5ph7HBZ1n,1757408975,sim-1757408979630,35323928472,1000000,Husky Pointing,POINTING,1757408990,NOFLOW,1085136,85136,0.0851,DAfNgQrdUj4hyLcegUeBtSP4YE5eYtuhyovedc3f1kif,0,2,1215595841,15,-1134447661,1757408995
BcgbMxLwQf31SSuqVy29yvo9FyrDsC8AFuk2tJhgTK8U,1757409011,sim-1757409014804,35323928472,1000000,bobbyrizz67,BOBBY,1757409026,NOFLOW,1047155,47155,0.0471,3brzSAkHGHwUXrNS9RmLASeRybE38CJpPJPnLVxfRi4B,0,3,1115595841,15,-1086319752,1757409031
9iv2WysZ4FGzHrKoyEXSVV6peWvgMmkApG4xWpN8Duxn,1757409013,sim-1757409017720,35323928472,1000000,Flourface Wojak Syndicate,FWS,1757409053,TP,1595133,595133,0.5951,AD2v7rzdCgmxkh6CrS6WAWSdTrcyywLoFPAe5BSh3gtL,0,2,1716486721,15,1043969521,1757409033
G4GtuPc4GokL1HskLprNgYFuFXuNDqH3YmfakqUSnqVo,1757409013,sim-1757409021432,35323928472,1000000,PumpChest,PumpChest,1757409028,NOFLOW,1361295,361295,0.3612,5mCVphUEKaNMDtMWvN3sBmuV6mWfuEBQUNjHuBfbLM43,0,4,1015595840,15,0,1757409033
5hKa3BtE3QuGDSKGyYDizJtvn4BtLeG6kixZF4dcrGkS,1757409024,sim-1757409029955,35323928472,1000000,Winter is coming,Winter,1757409084,TTL,975249,-24751,-0.0247,5pHtU3e55kcPDWxL9S1ZZTSA86ykqyEEihzfhE2ERfbp,0,2,16034790,15,1466666666,1757409044
57YGLwYEEGVYnDTgH8zYZne65YbzjSJTNc5mBEKuWFJq,1757409069,sim-1757409073573,35323928472,1000000,Romantic Homicide,HOMICIDE,1757409084,NOFLOW,1029555,29555,0.0295,gangJEP5geDHjPVRhDS5dTF5e6GtRvtNogMEEVs91RV,0,6,1015595840,15,-163601856,1757409089
APDVvK4u12qV11VGgLFYps7P7TQmbg5KM4WPFp4Ppump,1757409198,sim-1757409201872,35323928472,11005000,"""Wonderful Secret""",Secret,1757409213,NOFLOW,-9029751,-10029751,-10.0297,5xUSZRVEiGMAD8PpMKzDHKWWLRzBjuKSRg1MusTcMJvE,0,13,15116615,15,99000,1757409218
E9SjrAenNk3MSRef5Y9wXHrzzqLUBVNDfYNQe95QjgYH,1757409208,sim-1757409213784,35323928472,11005000,Bagpuss,Bagpuss,1757409223,NOFLOW,-9029758,-10029758,-10.0297,He83CyCZZoZmveRudLkWSHXGmnqzX9GjN2EL7oz2bN98,0,2,785595841,15,-760493826,1757409223
9sayZcUdKAruRdTp1rjTwZfcAZSUkiTK1m3nAmQ8Xmtj,1757409343,sim-1757409346797,35323928472,501050000,KAY,$KAY,1757409384,TP,-498533648,-499533648,0.5163,2MgnGeoRqSThYuXRA7oBmn2ao8wBTsqwUwmEDYnq5Jyc,0,2,583006584,15,455768024,1757409363
GSRgpdk4uRqwueEc5F562Zh8iaDbxZxHnww2jLyTpump,1757409356,sim-1757409359874,35323928472,501050000,Trump Poppin' Pills,TRUMPILL,1757409361,HALT,0,-1000000,-1,AyfxYAY9nYa8iUEuychdLbMYq6kgKZp4tybH9XAJJoJU,0,2,15595840,15,0,1757409376
H7cEs9Fjx6QNDViiCkX7xEEzetan2N79oU22YvvYd7Vj,1757409375,sim-1757409378266,35323928472,501050000,ROBOT,ROBOT,1757409390,NOFLOW,-499048930,-500048930,-500.0489,DxQHARx8eMZczY19aruPo1McyaMHv7qnWzYwNudsux3W,0,2,416081459,15,-1000000000,1757409395
BcVyXgtWDwP1gDGHmRrFYbLC3FVffBXMiErh8HL6VN9E,1757409393,sim-1757409396967,35323928472,501050000,ONEXAGI,EXAGI,1757409408,NOFLOW,-499009488,-500009488,-500.0094,Eb3tNVNt6QiecunELt6upSCrS18rWSwhTAUo2SVrYwid,0,2,1016486720,15,-2000000000,1757409413
4tnMmC8hjXeaYzKagTYu9Hg1Z6bd3RWGbD7VRqhWCWCK,1757409402,sim-1757409405686,35323928472,501050000,KOREAN JAY WITH OPTIMUS ,OPTIMUS,,,,,,a3ESkWMo7HfDmQsnD2DVyqijawekTih5ZrEPvuBXVCr,0,2,111303099,15,,
GEaujtLjzMbuFL6L5pMfZbQKeEx6rZaheoiAfXEq2SCT,1757410064,sim-1757410068415,17376518201528,505050000,FOODIFY,$FOOD,1757410079,NOFLOW,507623213,2573213,0.005,2kdnVr4ARb5Fw24Y86uYCyNNJtkX4mu25V8nFC4AAik7,0,3,1304251113,15,9777777,1757410084
E3DdtdCmSvxY5LUVG7PLrRDoP6j8iXfgRqzQEfqtdGcG,1757410099,sim-1757410104860,17376518201528,505050000,PIU,PIU,1757410119,NOFLOW,506540953,1490953,0.0029,9cMm37hZ99YgZEyK3KEVFqxCgNhiqU5rotGe2FxnEveM,0,2,421006555,15,-4342337927,1757410119
1fX6K8cVPCbEhPZi7XFKTNFM3in3nTUCnwxfbtPpump,1757410111,sim-1757410115164,17376518201528,505050000,San Fran Transit,SFT,1757410126,NOFLOW,488006539,-17043461,-0.0337,DeDAorytgVSCoheuSqJChbosVvPF7tte9on3djZLm2XB,0,2,95344516,15,-728778100,1757410131
DL43fw4ADNcags5RHq99X2a455o4emK8SUaYcfdu8vdP,1757410142,sim-1757410147058,17376518201528,505050000,Seethe,Seethe,1757410157,NOFLOW,467061552,-37988448,-0.0752,4xJonvET6HYgTENCcDwWWUes5NvcFRNKG8tq1hJpSved,0,2,1015595840,15,-988054318,1757410162
BXNFsf9jSXgW4RRn9gudtn9zRwYUdoq5PLK7JHYh4VUA,1757410152,sim-1757410157193,17376518201528,505050000,USA BAPTISM 9th September 1776,BAPTISM,1757410167,NOFLOW,468604684,-36445316,-0.0721,6Ao78RvWFpnu8iVUjPa4TiSpUa8MK8Lfgcf6B649g7re,0,2,66486721,15,-886004310,1757410172
ARExx6oxTPZURe2yU6RCXEDfiXTtHah58FofhDMYpump,1757410205,sim-1757410208245,17376518201528,505050000,Provide Value To This,VALUECOIN,1757410220,NOFLOW,487485577,-17564423,-0.0347,UFRXbUcKFS7cH3wf7ToZw6yrF78eG4vPJWr2WEaF1g4,0,2,317229295,15,0,1757410225
9ySvQP34hKGK8HT4kWAxvhZ1L5ozy15R6Hb6GX2NuWkp,1757410209,sim-1757410214042,17376518201528,505050000,$2Day,Today,1757410224,NOFLOW,467398159,-37651841,-0.0745,3MHTuVQi7onFh4b78fLwvds4drN2nqEwKBkUiQj5XyNe,0,2,25519321,15,1000002,1757410229
CmaUMaqpoVsrBy7vZiM9zNVpKYKRFtqQuN8yBvuipump,1757410256,sim-1757410259920,17376518201528,505050000,Global Cocaine Index 6900,GCI6900,1757410271,NOFLOW,467061583,-37988417,-0.0752,5xUSZRVEiGMAD8PpMKzDHKWWLRzBjuKSRg1MusTcMJvE,0,16,15116615,15,0,1757410276
GzaosNJ8jDQACYAfS7KLqQrFEXp9fDj54SvADQHvpump,1757410255,sim-1757410262547,17376518201528,505050000,Global Cocaine Index 6900,GCI6900,1757410270,NOFLOW,467061583,-37988417,-0.0752,5xUSZRVEiGMAD8PpMKzDHKWWLRzBjuKSRg1MusTcMJvE,0,17,15116615,15,0,1757410275
GgMdYrFpfAdxjXWkdrebffcSYuEXmRDLcf336d7Gpump,1757410299,sim-1757410303722,17376518201528,505050000,Bad Knees Bunny,BADKNEES,1757410359,TTL,631268988,126218988,0.2499,FdALMrXFfVcAn3P8gFtTh93ZajQtZnZsYwyQUTU4FSoK,0,3,1027615600,15,3990326289,1757410319
DtRmXBzyHmTpJfKh1BbThLVR6BUZoKYagtsLg9EUbWEq,1757410319,sim-1757410323142,17376518201528,505050000,crawley,crawley,1757410328,TP,1117736484,612686484,1.2231,HoKhnp6heg5czQNcL9uAtPfcRScY4YTUxQDk882sM2y9,0,2,616486720,15,9022613731,1757410339
DzjHimQsxgvPamSp5L8pxFpvkiABJPhGEDnvDnvDpump,1757410328,sim-1757410333692,17376518201528,505050000,Desktop AI Companion,Fuji,1757410343,NOFLOW,498792578,-6257422,-0.0123,AmNMqM5VbPwtG14gLBdtrqZpQrhSzavLkQPufS8CQ7LB,0,3,1027615600,15,0,1757410348
Bzm6Qe1C53LHMCyJeksvWc4rheHnuFNCj6eWDhQp6wGM,1757410329,sim-1757410335769,17376518201528,505050000,Be Daniel Penny,BeDaniel,1757410345,NOFLOW,474801977,-30248023,-0.0598,DmMHKb1nLbRESTmnPpYvdu3EnfstJDCVUq7sv8RkdMbt,0,2,265595841,15,0,1757410349
8XF3kFqgZ5gw3SH9dBfdzGwJzj4B8f6U9nP5BhSnpump,1757410395,sim-1757410399427,17376518201528,505050000,NiggaAssSexDickAnalQueef,NASDAQ,1757410410,NOFLOW,482540114,-22509886,-0.0445,2HFPv3ERWm241AaxaVbg9wNbUvEVqk8kPeLeAPbv26eW,0,2,1027615603,15,-508196721,1757410415
DAR74Jc37f8Cb9y7Qwq1sWTkjPKUL4hqPrQJasris8ff,1757410399,sim-1757410403135,17376518201528,505050000,Pump Creator Coin,PCC,1757410435,FLAT,562723899,57673899,0.1141,66QzWkTsHhbQcsQcEdcAQZfTjrWiUAz7wnXQid2Jv8Xc,0,2,1516486721,15,656166454,1757410419
8DGs8QwDc887rcF11CaGqzjxGdB9XbMsR5sAqmg3SXuF,1757410439,sim-1757410442456,17376518201528,505050000,colestapp,COLTP,1757410454,NOFLOW,467061552,-37988448,-0.0752,DsSV3AZ7JPQqJDN1Vpu63PocgFStqxVQ7zDgWFkt34Fh,0,2,1016486720,15,-640741510,1757410459
HmRmcHoDuMMELFZ5JWaFupyF16zTHnr2U9bZvPvK2oEA,1757410468,sim-1757410471857,17376518201528,505050000,ERNIE X1.1,ERNIEX1.1,1757410483,NOFLOW,504942037,-107963,-0.0002,B1Zjscavy6R8FznRyhpEndZg5X5M48FBxM5dL1MXeug9,0,2,1015595840,15,-3409511589,1757410488
6aLKqTMwAv6DaiUVEXm34SaXjmP368kj1UtsX1LQBTj5,1757410477,sim-1757410480818,17376518201528,505050000,Pill,Pill,1757410492,NOFLOW,478542681,-26507319,-0.0524,DxQHARx8eMZczY19aruPo1McyaMHv7qnWzYwNudsux3W,0,3,315292882,15,-100460355,1757410497
FY9c84XPzLFgnrGYGxX56L7qHvEfv6p5YvY3SmG8buE2,1757410530,sim-1757410533275,17376518201528,505050000,seppuku AI,Gemini,1757410545,NOFLOW,470147186,-34902814,-0.0691,9TKeYVa42ZTH7tcMLdSCnezukZthLAaQ2Hjdia33hKcb,0,2,115495513,15,0,1757410550
Ew2HjRjBqyF222XPYTH4YkV5ARNzsn89osdUCY4JiR2Y,1757410606,sim-1757410609880,17376518201528,505050000,Thailand’s Reddit,pantip,1757410621,NOFLOW,564332060,59282060,0.1173,3WbLUmD3dWLPPpGviKGMYGmMnrZECvBsJYPGtu2dcGP6,0,3,416585939,15,-1847259002,1757410626
FjakMLD7eEm2X6sohVPUtLvmUfd9cxuMMJRGTiifGJ9L,1757410624,sim-1757410628829,17376518201528,505050000,BOTNET,BOTNET,1757410639,NOFLOW,498364998,-6685002,-0.0132,341NMRm5hoGaruS88EJQZp6cNAtxEjpQT3afUmG8jSUe,0,2,1014562951,15,0,1757410644
CCBXgRF8BgA44qEq5u9mvQ1WVmMANjNmdzwiNmmKejvd,1757410646,sim-1757410649357,17376518201528,505050000,Rockim Prowell,Wigger,1757410661,NOFLOW,467061552,-37988448,-0.0752,Cnx2N7duye2gLmm5qhUEdjmwzU4FQ9u4p6Rbzof6xyGQ,0,2,65595841,15,298726522,1757410666
5xZv4YKM3AvFNjwcfH5G9Lghq6AqBeJmWxTz94peED8t,1757410659,sim-1757410663523,17376518201528,505050000,NIOCTIB,NTB,1757410674,NOFLOW,485742587,-19307413,-0.0382,Gs1gATrw6CMGCJTg4BA6NVsEdLnKnat9QTz1FTGqNtMs,0,2,615595840,15,0,1757410679
G9evtq4hxWQ9Xs6wNnFb9wFdqmWMJcwBcHZrmGc4pump,1757410710,sim-1757410714266,17376518201528,505050000,Gemini Spa,GEMI,1757410725,NOFLOW,508122168,3072168,0.006,3mjHNqaPGVYncmd95w9TC3XGQe3EwGykGZiDQyhDxwhU,0,5,16128103,15,-91501148,1757410730
D87b1uPQkRCNdV9kgvp7hssnPQLPfaPkpgr7NcH7pump,1757410710,sim-1757410718388,17376518201528,505050000,Gemini Spa,GEMI,1757410725,NOFLOW,508122168,3072168,0.006,3mjHNqaPGVYncmd95w9TC3XGQe3EwGykGZiDQyhDxwhU,0,6,16128103,15,0,1757410730
BusjwLZU4jCW9zNv5hW9WmgB2cfznvJK8pwgVRGmVjDC,1757410732,sim-1757410734704,17376518201528,505050000,CRAYG,CRAYG,1757410735,TP,1379151173,874101173,1.7407,6YihjGRDqPvrYhSneT8AeHpzmjyVHfDVfHWtm2L8oYMM,0,2,1458819250,15,9132253579,1757410752
DrsaMuvimQX5HKQYvG9zftHMkuXBbJ5UAaUXcrq7yJkT,1757410811,sim-1757410814745,17376518201528,505050000,UNWOKE,UNWOKE,1757410826,NOFLOW,467092390,-37957610,-0.0751,6JLVZvHFPTJsw2ARZTLsoosRo8kQU17eg9tmJ11kJ6Y2,0,2,16595840,15,0,1757410831
C5ZBXLS3pRcY9wbrJ3THQAwP3mapQGf6Mjx3zrJdd9yz,1757410824,sim-1757410828200,17376518201528,505050000,Cult of QQ,CULTQQ,1757410841,NOFLOW,517669557,12619557,0.0249,14fTtTxp4ViQpEdfXhh9EF4Maa3t66zCfMDrn7kKDGAa,0,3,1615595840,15,0,1757410844
9JPAWi5JqzQgCGRkMSaRMjRnFEubDyGMqLcd2EPJ1wFn,1757410835,sim-1757410839762,17376518201528,505050000,Pump Guys,Pump Guys,1757410850,NOFLOW,467359057,-37690943,-0.0746,BprKZJjAV97oQKkXL3s4x8weNBwWzL4AbffS3xqjBB4b,0,2,565595840,15,-767070115,1757410855
6zcvuMzUNKwou64Jcsw3njyPhAnvvvwsKPeuxnWA1SjY,1757410854,sim-1757410858336,17376518201528,505050000,Pantip mascot,phian,1757410914,TTL,477613980,-27436020,-0.0543,8rhnaUag1XZ4DeZy3j3iYicd6tUux5BErN6ZCviDwGXK,0,2,416585939,15,303253581,1757410874
6ZB1gxtsbykvLs8zFcCjpqs8ikjiLwmwM5F4PjTkxP8e,1757410885,sim-1757410889315,17376518201528,505050000,Relief Of Missing out,ROMO,1757410900,NOFLOW,468295858,-36754142,-0.0727,FzT7kPfSPmmj7AjCvDGY7ML31Az5HZUj2xYRHD9ncTZo,0,2,55595840,15,0,1757410905
H6JNAfYp3yP9uDW6gJNBY62cucML3rDsG6LhKK51h92X,1757410899,sim-1757410905053,17376518201528,505050000,Laughcoin,LAUGH,1757410916,NOFLOW,467678507,-37371493,-0.0739,9v5kT6XDDknGB6Gf845wjbFFwvRTrDMjZxzWxyzH9oaX,0,4,35595841,15,0,1757410919
AzVkCVc7AergDNpwKzj8A8oi3VCzjRabDDhFY6RsjS6Z,1757410903,sim-1757410909375,17376518201528,505050000,Scary Guy,SCARY GUY,1757410918,NOFLOW,467373064,-37676936,-0.0746,2MYzciRvfF2Cv21zyxNj7GjZjcaSJeaTWrETX48JLgY1,0,4,25695840,15,0,1757410923
HLnUt2Nw6bPvfhBnEb8cmT1zdph8pyGToUV368px94Ak,1757410919,sim-1757410922741,17376518201528,505050000,TOTAX,$TOTAX,1757410934,NOFLOW,626935893,121885893,0.2413,AxJijUGBshTNy2GCGRfQgaZg4776s3KtndAoqT3dKhE9,0,2,421006555,15,204302295,1757410939
2kXcdL8XhV7wTBwvFGYVkJXt6kLhGsb8dmryhix9MkEH,1757410970,sim-1757410973525,17376518201528,505050000,Angel Melly,AngelMelly,1757410985,NOFLOW,485901492,-19148508,-0.0379,3cJrmnumG6DwgqwqhzZwf9pKoKDDpDruPtxV9GpDFrXq,0,2,616486720,15,-999999996,1757410990
6uDzmF9i2qXy7UYMMsbbQLHEoBz1LxFFPVL6anXRfcbU,1757410988,sim-1757410991634,17376518201528,505050000,lifeless coin,death,1757411003,NOFLOW,537316848,32266848,0.0638,DqZ8oCa9Kp758RykCLv1RJH33ohrN8SZ58ey7pZFUZpY,0,2,1816486720,15,-2132623942,1757411008
83JVLtwy7NRpGwvMepykMbz5v3euAGSquQtBwW3jn47T,1757410992,sim-1757410996695,17376518201528,505050000,SoundNyc,SONY,1757411007,NOFLOW,467572869,-37477131,-0.0742,21yLVFatA4vPAHJDbqMVL7obBhJjfqFLzwP2vKq3Xq9m,0,2,1440506479,15,-2183628226,1757411012
6EosVXHAEAoQosWrSaDTHYAjNSBMLjF2auzAcpjE16vY,1757411003,sim-1757411007599,17376518201528,505050000,DUCC,DUCC,1757411018,NOFLOW,470150290,-34899710,-0.0691,FTrnikCtb9hxizJpNf5w8LhvuekZ5KqtauF4yTTpkJXi,0,2,116486721,15,-785299821,1757411023
XwR47Zm2nHG42jBiGUi7FK1WM79NncGrEuBineipump,1757411007,sim-1757411014206,17376518201528,505050000,Spirit Of Pump,chudda,1757411014,TP,880034059,374984059,0.7524,H1HB91sZXb3ER7FtC2Yh8coXH9gngcjybFJ3NfoLHgbu,0,2,15595840,15,199800000,1757411027
DbJccTZPdXuRWgeFoUyEKsh7UVgQx1Zz7eHxBV2cMDpT,1757411013,sim-1757411016607,17376518201528,505050000,TW99Day,TW99Day,1757411073,TTL,467611725,-37438275,-0.0741,9rpRXbuwpc68uiFthHvMZe4M4vaGDr5CJtMSUqZ6dS58,0,2,1016486720,15,670718155,1757411033
r3ovmGzmx91irxC7Fz7aLb84fvc6gmehuoKrUwECnCm,1757411022,sim-1757411026402,17376518201528,505050000,Hoppy The Frog,Hoppy,1757411037,NOFLOW,479475954,-25574046,-0.0506,BRDxAbFfEY5Tbom6qjNYcesRUdJQHqURCPKycBoKB6UM,0,2,415595841,15,-100033383,1757411042
4pFoGrQWqf1FwcFaHJRTUAXenytrzs8jYhdaUgmqxRbv,1757411069,sim-1757411073011,17376518201528,505050000,Marvin Pumapants,Marvin,1757411084,NOFLOW,495123088,-9926912,-0.0196,9EXw8mqrgtUoJp29kZz9wYw4LNJ6pjxCHLg6rdK7M2Pb,0,2,1015595840,15,-101682212,1757411089
7v3pMRqUAxAs633hkaKuxxS19euoiVU2Cqha3tqGag3P,1757411096,sim-1757411099636,17376518201528,505050000,CTOSEASON,CTOSEASON,1757411111,NOFLOW,467369981,-37680019,-0.0746,Up8cMxDPq4Y9tWhGzsghKnCFQzUXKopuXt6DxcF1QAJ,0,2,25595841,15,1,1757411116
E97tTXhhSexLHT1jh7fJukmiz6D5sq5R6thpUopQTqmF,1757411121,sim-1757411126151,17376518201528,505050000,sananba,SANNBA,1757411136,NOFLOW,504780056,-269944,-0.0005,2D22SpVZyJ1cVsFSoWqTZtGN4dRotCUJwModucbo3AQu,0,2,1216486721,15,0,1757411141
9sJSzSZVAuvX99cMaNTHLjJ2ui4qr8yrMHsyhNXwpump,1757411122,sim-1757411130026,17376518201528,505050000,POWERcoin,PWRC,1757411137,NOFLOW,482540114,-22509886,-0.0445,2HFPv3ERWm241AaxaVbg9wNbUvEVqk8kPeLeAPbv26eW,0,3,1027615603,15,-999999999,1757411142
GTTTUrgymLtxDEgL9HeeZQgSe7dRceBNKGcR5Zzxpump,1757411163,sim-1757411166987,17376518201528,505050000,PEPECOIN,PEP,1757411178,NOFLOW,470188963,-34861037,-0.069,6XXoVagMPQmfP8R4AaohBqH4tsgWbXv2PVB8YHE3NkzX,0,2,117256483,15,0,1757411183
7XCzPZnuNDLoc3rxBnRZaAfs2TkQ17wDcUoUya9VPpg,1757411206,sim-1757411209449,17376518201528,505050000,METEORA FEES,FEES,1757411221,NOFLOW,467987134,-37062866,-0.0733,B5BBGwA9QcU4qYtzUwxYzzo8j5YYLH8vMmCBX6R6RVqV,0,2,45595840,15,0,1757411226
8yLDD2L29iAw5um7kmNXkQaAkFQbU49YeDZPiNtXM8yz,1757411215,sim-1757411221052,17376518201528,505050000,goon,gooncoin,1757411230,NOFLOW,498394650,-6655350,-0.0131,HD1VJuuzxE1CHxTQQxB1E6WNGVRkzRw5TNjZ3CRHZ7h9,0,2,1015595840,15,-435251729,1757411235
8FfhEkgrHNNQ7mpgoNenrjTip7Yw1tTBB98kFEPLUMYj,1757411216,sim-1757411223449,17376518201528,505050000,This market need a cook,Cook,1757411231,NOFLOW,556933003,51883003,0.1027,C1im2noPCbSGH4vCsjvftLhBxtBk2tbnqM3iAqAvuvq4,0,2,1315595840,15,-1735486598,1757411236
6Y4vUB7q6ARFqmu7NCshra3pHfAGpEKAWoNzEHbWpump,1757411273,sim-1757411277642,17376518201528,505050000,IRONMAN,IRON,1757411288,NOFLOW,479632137,-25417863,-0.0503,BprKZJjAV97oQKkXL3s4x8weNBwWzL4AbffS3xqjBB4b,0,3,420115603,15,-400000000,1757411293
4oDekCPi3CDMudjyKMCA63hSuEUNudZ1yP6VFqC96GEm,1757411281,sim-1757411284495,17376518201528,505050000,Always On Solana,always,1757411296,NOFLOW,468913606,-36136394,-0.0715,HLr4dFEUbHsbjUy8Xbp2HjVSxDhVW5ks45Mm8HrZi4pw,0,2,66486721,15,9876543,1757411301
HxnD7t4EysLbSnYMNuKDvvup9ziNGKSQPTqAPZ3upump,1757411303,sim-1757411308298,17376518201528,505050000,France Take Over,FTO,1757411308,TP,880079382,375029382,0.7525,3awAonYfSCWxAKUkvb9LvEM6w3CqJDnD41zydNfJSGZP,0,2,15595840,15,0,1757411323
4oWUFbW12EbGdPHAP689FwMTiXbS5PvU8DiNDd5ZFE5d,1757411331,sim-1757411334565,17376518201528,505050000,Lick Rick,Lick,1757411348,TP,825354575,320304575,0.6442,FK4Luj7tSFCMJBRDsYMrQKCt5o1muaq9BsfyfMKGy2TU,0,2,1016486720,15,7515987302,1757411351
7uXPotXU1VSH6ugimFYptc77cEQGywQ5yvThJGHcopfA,1757411353,sim-1757411355483,17376518201528,505050000,So much,HIGHER,1757411368,NOFLOW,467061552,-37988448,-0.0752,CXXzNz5rorbRhKcVX1ZtVvYwMLXHAT3r36qG62oBSH8Y,0,2,111303099,15,-859857511,1757411373
BDacMmXvXLYgZh6rt1BCxGdErBMynmb3xYnry2vWRaBG,1757411400,sim-1757411405359,17376518201528,505050000,Sharki,SHARKI,1757411420,NOFLOW,495855756,-9194244,-0.0182,BSrXhMEzPZyLGx6Q9meZVoJb57Rk5QXRvNFzsfEUvUtN,0,2,1716486721,15,-1416359116,1757411420
DvMGaHqEbv9APiUYYfeoGF4Vid5jBBp7obiQQuRBLGSG,1757411453,sim-1757411455709,17376518201528,505050000,URSIS,URSIS,1757411498,FLAT,575176086,70126086,0.1388,EZkouE1Q1imN8nYxp8RfWafmMMvKmfAW9Fqnqy5fSTFn,0,2,1315595840,15,387554723,1757411473
AZbaak2XjEpebBnfe2qF1uKwsxNzZaaNYZ1tjp89PNPN,1757411458,sim-1757411464050,17376518201528,505050000,Iryna Live Matter,ILM,1757411498,TP,759293169,254243169,0.5134,2fMgBRMchnzg4wU7yqgArwkvKgvoHyCi7gNhNF4MN1X5,0,2,1666486720,15,2943965114,1757411478
FChuveQiJATM3JTsjtWAEWRx75nMVdKKT2Y5SSvQpump,1757411470,sim-1757411477639,17376518201528,505050000,Crypto AI Trading Companion,Max,1757411485,NOFLOW,470658951,-34391049,-0.068,AmNMqM5VbPwtG14gLBdtrqZpQrhSzavLkQPufS8CQ7LB,0,9,126490600,15,5000000,1757411490
8sqBeZ9KVA6iujxVTUoXHsY1yMKLJyCuwr89m1W2tPRD,1757411489,sim-1757411494765,17376518201528,505050000,Nuggie ,Nuggie,1757411504,NOFLOW,514432350,9382350,0.0185,6tFKgMpjbNRGppMLJD93dbmZuqWEM1LmdqJxDEKGq2Mh,0,3,1515595841,15,-293333332,1757411509
FPBkF2z53yfQ4ZP5JRDfTG6QbZk7A7r4vehwDU7rAb6R,1757411491,sim-1757411497199,17376518201528,505050000,i miss bro,bro,1757411506,NOFLOW,498397801,-6652199,-0.0131,J2UhEbRb3CEQVzz7YnuG7XXV3TmZUSN3BGbRbHF3aoPK,0,5,1015595840,15,97777,1757411511
EGPPcV8B6j2JnYaBr86yWHmsbkyvnDfspg7shHyPpump,1757411543,sim-1757411546972,17376518201528,505050000,NIOCTIB,CTB,1757411558,NOFLOW,479546259,-25503741,-0.0504,5fe2bX9hbmYUyB4xPSaTZwFwCzpK163gp2SEdGZvkZqG,0,5,116365600,15,3948615,1757411563
9wwpMFR6FpWT9oimH6eGMakmb7Dp8u9QjoswE7qfACt8,1757411557,sim-1757411560724,17376518201528,505050000,Discord Revolution,NEPAL,1757411572,NOFLOW,477973959,-27076041,-0.0536,2TtAFpNi25kVnwBGPyoUVecZ3Shi36p4BPBpEnVBsDgT,0,2,215595841,15,0,1757411577
6ocmyMD92Lu7E6ZuH2dmoK3vuRmMNwiPt3ZTVonG4hg8,1757411564,sim-1757411567886,17376518201528,505050000,creator rewards recycled,recycle ,1757411624,TTL,496524693,-8525307,-0.0168,2Vw6nmojGiHcxfGWeXUrSs65q51gbqDNF5N9Xe9ahHib,0,4,25585838,15,2370156155,1757411584
ARNvTzCHfJTywdtnNJkryGm84oF7zxLuBHfDgks8pump,1757411570,sim-1757411574403,17376518201528,505050000,TrollCoin,TROLLCOIN,1757411585,NOFLOW,509380073,4330073,0.0085,DaK7J99Cuj1wvAmWMHqHqVoRf9T3mAf2FMStCeARiuK9,0,2,1359803553,15,-241747819,1757411590
E3F2mpU9TD2NDKzwuYAAbZCWQMz9tdtGJxxRthnvajGq,1757411632,sim-1757411635535,17376518201528,505050000,crawley,crawley,1757411647,NOFLOW,515125688,10075688,0.0199,HoKhnp6heg5czQNcL9uAtPfcRScY4YTUxQDk882sM2y9,0,3,815595840,15,-740351998,1757411652
3Jy2TdZ5FrMdAQZtz1aQ1LxdxXFuJ1sEJuj2hWFupump,1757411639,sim-1757411643577,17376518201528,505050000,Trump.fun,Trump.fun,1757411654,NOFLOW,467061552,-37988448,-0.0752,2uBreWkG6h5a8JtQPExS6MqDbV8kpZX2absr1AL6ym14,0,5,15595840,15,0,1757411659
dhgE5xS83r9o7CVfCbvfFaLnFJZrqMqsQuexf4EJUmd,1757411641,sim-1757411646231,17376518201528,505050000,MINECRAFT POKEMON,MPM,1757411656,NOFLOW,470150290,-34899710,-0.0691,DMrYPmvLbNkdgYGi1oAKK9pw3jomfGzjNoshBAQWebKq,0,2,116486721,15,105612099,1757411661
G8aMXA12j5b5gXjZNbdGLeGrNjA62UXWmv5rB1ampump,1757411672,sim-1757411680672,17376518201528,505050000,Middle Finger,MF,1757411687,NOFLOW,467061552,-37988448,-0.0752,BbosLvWQJkPpqK5YEgXxeSGFt3PAdzJy3R3qXKkTd9Gv,0,2,1534345840,15,-1580203691,1757411692
HkaAyZB6iFAvdW1Cuz9uBB1SwSNxTbFXQNkL5dUFpump,1757411681,sim-1757411684893,17376518201528,505050000,Trump.fun,Trump.fun,1757411698,NOFLOW,705562590,200512590,0.397,97f38TcsifRwixbmrzu5tTtdvq2XkHz5xVsgUq1rVVCn,0,2,15595840,15,0,1757411701
82LfdrzDSyXP2ZxcHogTS9iEZgj55YFtm9pUTEMpKyom,1757411691,sim-1757411694437,17376518201528,505050000,RARE PEPES,RARE,1757411706,NOFLOW,499025430,-6024570,-0.0119,8UhiAegsHJ6dCPJfkgMk8csN5ro1gU9oDZiCvRyBe5ii,0,4,1015595840,15,-1703311415,1757411711
DZgUdcNhubYbWgSxCLk7LMWiVJfwQuFgpFZCGAATfjR3,1757411691,sim-1757411696618,17376518201528,505050000,ZOMBIEDOG,$ZOMBIEDOG,1757411751,TTL,687632657,182582657,0.3615,DhTiJ3hxGSjZnVxxkEBFqg96pCJ8Si9cTPgRzF35nvwi,0,2,421006555,15,1243870176,1757411711
HtUu8ixweXZyjLA7wBQ3fmVa3wrGYoJDAU3piXaBXsLh,1757411694,sim-1757411699052,17376518201528,505050000,Haru Urara,HARU URARA,1757411709,NOFLOW,498394650,-6655350,-0.0131,6abDWkiWvZKi9jwVtzHRHysnvVxS4S1pZeAcACCAcv7U,0,3,1015595840,15,-397118396,1757411714
4B6JJ79ME4pbjoAZgE68atxgNwgHVSKcC9A54BjJpump,1757411703,sim-1757411707349,17376518201528,505050000,in vest mint ,investmint,1757411713,TP,789456253,284406253,0.5731,8GuMPxQ8hEHNLU87nr6VyhUycSAq3N8jfUMuxJjftp5y,0,2,1533865603,15,2231867866,1757411725
4iauLoEcCF8Qe1HfjDsY7MfErhk8Z2JHgCVBWoAdnVqb,1757411708,sim-1757411713003,17376518201528,505050000,Good shit nigga we ate off that,Twin,1757411723,NOFLOW,501582406,-3467594,-0.0068,AJPkaCvcTAaH1xNkhx6bTSbVovqgEqXqcLoyRtGyAR6U,0,2,1115595841,15,0,1757411728
BSLYDhi2DUk53hyRJW5aEQV2efhywmk9Bya6aY8U5mtH,1757411754,sim-1757411757786,17376518201528,505050000,whatichopped,chop,1757411769,NOFLOW,467061552,-37988448,-0.0752,2wEYkxhvmyqNqez5ZHuFfrovc9yk7bBrHtBE5ddarvwb,0,2,1015595840,15,-667310080,1757411774
J7GZAcGxKKuUJwsHX73t83k3GBuG9RoBRqNGYGmRpump,1757411790,sim-1757411796592,17376518201528,505050000,Tired Of Missing Out,TOMO,1757411805,NOFLOW,467061552,-37988448,-0.0752,5fe2bX9hbmYUyB4xPSaTZwFwCzpK163gp2SEdGZvkZqG,0,6,116365600,15,0,1757411810
6eHGzaxdyRScjMMQMLTZqBicAg6HacxHghHgzXwn8U4s,1757411793,sim-1757411798605,17376518201528,505050000,HolyIcon - Charity Coin,Bless,1757411808,NOFLOW,470150290,-34899710,-0.0691,7tRwutkRg9ey1atBDTCEpUTZkb4GFMoRfzym1vLUQmkj,0,2,116486721,15,-765319550,1757411813
942W47xgjj2Vier7r6tuwbQ1Hx5gLKMEYidPqaxJ9vg8,1757411807,sim-1757411810682,17376518201528,505050000,RIP Haru Urara,HARU URARA,1757411822,NOFLOW,467061552,-37988448,-0.0752,6abDWkiWvZKi9jwVtzHRHysnvVxS4S1pZeAcACCAcv7U,0,4,1015595840,15,-2487654319,1757411827
Ff4YNQLtYvt8WadhgvZPyQkAQqkewxxj4gV7sov8pump,1757411846,sim-1757411850169,17376518201528,505050000,Trump.fun,Trump.fun,1757411861,NOFLOW,705562590,200512590,0.397,Bsb84C3mU6oMHZ5wBQL4wJdEn62wALoBJKoXEUYuyrML,0,2,15595840,15,-151182918,1757411866
ARQ6SJCccnA4y1oM4q87n7188RhrxmZ3LWH1Joippump,1757411884,sim-1757411887427,17376518201528,505050000,Donald J. Trump,Trump,1757411899,NOFLOW,504835231,-214769,-0.0004,7VbmS2ZbdgbQSWxd22H7wv2y6kD1L4voPfm3J3XQz41o,0,2,1119209492,15,-702222222,1757411904
CQc7X8DkUZ4xUSiVwxfLxJLZyGK5MMhkxfvUtJuBNUHQ,1757411897,sim-1757411901971,17376518201528,505050000,herocoin,herocoin,1757411912,NOFLOW,469203220,-35846780,-0.0709,C1im2noPCbSGH4vCsjvftLhBxtBk2tbnqM3iAqAvuvq4,0,3,1215595841,15,-1245292854,1757411917
5t2nW2kwpQWWJEoMRUZw1oQCkETKY88s5SRxeCcphUa9,1757411901,sim-1757411905392,17376518201528,505050000,FORK ATTACK,FORKATTACK,1757411916,NOFLOW,482604319,-22445681,-0.0444,8JzX7AzxZJssbTcKBDcZWHfUAqsboD4qAYbsxjGTbySt,0,2,515595841,15,1,1757411921
6PDoyXUM1zoGT555TVRhzgfhWFt78dbmTDPmjqyaZDzw,1757411912,sim-1757411918916,17376518201528,505050000,Solana Shining,Soling,1757411927,NOFLOW,488890754,-16159246,-0.0319,7p6gRKmGwifaePDncd8V5eNJdAVPctYm51G59oqwmj9c,0,2,715595841,15,-4900989,1757411932
4tu5zxS9nCLxsaHAB9gtzfayJUHQ7do8bEPsDqQtFzbp,1757411947,sim-1757411951807,17376518201528,505050000,IRL,BONKGUY,1757411993,FLAT,573701608,68651608,0.1359,EZkouE1Q1imN8nYxp8RfWafmMMvKmfAW9Fqnqy5fSTFn,0,3,1315595840,15,1667051315,1757411967
BADXaneueyPVnb3VD2qTcDTkShNykMrtFHKjvt8bH1Kc,1757411963,sim-1757411967696,17376518201528,505050000,SpongeWojakPepeSquareLaughPants,DILDO,1757411978,NOFLOW,481956475,-23093525,-0.0457,H25eb77oB4Qaj8sUbNG8XjmHNVgzx76VaahothMyiiW3,0,2,1516486721,15,-5517356341,1757411983
6SZk2uoQCmGkLxtw2h7W68ftVJh4Bfnm8UPGnbwzD1jc,1757411983,sim-1757411989585,17376518201528,505050000,iShowSteve,Steve,1757411998,NOFLOW,550157228,45107228,0.0893,CPUimVv9VhEooW3ZsYxcWY84sPVePdcLxr6zV85mFRmE,0,2,1014562951,15,-480775402,1757412003
2GFrzZVL4Yr93JQj4w7fjdwvrX4maWVewP9Yxnvcy4CC,1757412009,sim-1757412012808,17376518201528,505050000,just a simple coin,SimpleCoin,1757412024,NOFLOW,467061552,-37988448,-0.0752,AvAX33VsLztoQS2uANFVb1UMceEesj4kKN7roGJ1kptm,0,2,35565599,15,967654321,1757412029
8sry9VZh1ED9YU4Pd1v7J4fNjkwHYyfozmNmseRTyQJ7,1757412066,sim-1757412070626,17376518201528,505050000,FAMILY COIN,FAMILY,1757412081,NOFLOW,468525827,-36524173,-0.0723,2wEYkxhvmyqNqez5ZHuFfrovc9yk7bBrHtBE5ddarvwb,0,3,1015595840,15,1376957922,1757412086
86GcYBRC7d31ZedVcUmotJjMXByVp2dCMfDmNd9cgZXp,1757412081,sim-1757412084766,17376518201528,505050000,Ukraine Combat BodyCam,bodycamua,1757412134,FLAT,532298456,27248456,0.0539,9bMqwE9TGVMdHnV4J2YVaQ1sum27Vr3ganuhaVZLeBKk,0,2,316486720,15,237677780,1757412101
7PsTfmVCdVE6XQQBzZkyETTyqoG4Bx6tTpVRLMussMac,1757412097,sim-1757412100944,17376518201528,505050000,Advanced Treasury Machine,ATM,1757412112,NOFLOW,498394650,-6655350,-0.0131,5i96cqmvNgN3btBb58e5FzFLRtCKJaAry8LtkFZbWgx4,0,2,1016486720,15,-999999999,1757412117
8dBHTPbDVhA4RRDBPToVLes742c98vG3a2HQ7xujBSWy,1757412119,sim-1757412124628,17376518201528,505050000,FORK KILL,FORK KILL,1757412134,NOFLOW,498394650,-6655350,-0.0131,8JzX7AzxZJssbTcKBDcZWHfUAqsboD4qAYbsxjGTbySt,0,3,1015595840,15,0,1757412139
29obSaDPjzZoGiAVCscWGVTF7AyfJV5tUUDvQ9k7pump,1757412123,sim-1757412129125,17376518201528,505050000,the new japanese flag, 日本,1757412183,TTL,474354137,-30695863,-0.0607,GBMJHJf5LytjC2gAnxrMGzab7VLBUQ57XhonTLXSVJtS,0,2,1535236720,15,1693914557,1757412143
CnozdeFvLUnXPMQhRjnyENFZbkDDHpL474UnsM5uhgr6,1757412153,sim-1757412156454,17376518201528,505050000,PIKA POWER PACK,PIKA,1757412168,NOFLOW,497122318,-7927682,-0.0156,J7dnRrojUzAsertqHSEBcxhSzYYEfG8jNUZ8P9bpqYzo,0,2,975595841,15,0,1757412173
Cz5BJCSJMqYkUjdhCGuvmozR7orNau4qcwfSHj53ipJU,1757412159,sim-1757412161948,17376518201528,505050000,WIZARDTRAINING ,$WIZ,1757412174,NOFLOW,506340849,1290849,0.0025,2kdnVr4ARb5Fw24Y86uYCyNNJtkX4mu25V8nFC4AAik7,0,4,1264294454,15,0,1757412179
G9bJEvG64DfvtittkAtRT2R2Z7wbw7oK8q3j9SFixysp,1757412199,sim-1757412202576,17376518201528,505050000,hamster,hamster,1757412234,FLAT,481455459,-23594541,-0.0467,6mCnLNAbErPVQPghoCH5XPCkSJAfJgjM8k7NsUSbGrH6,0,2,315595840,15,189936776,1757412219
4jV1i8yoJG83Jni3HFXyyYXFxq5K5z5Hp4FozhLDPfhM,1757412206,sim-1757412209533,17376518201528,505050000,Nini,NINI,1757412222,NOFLOW,480413423,-24636577,-0.0487,7UPykPNJPoZAt47vA58Qru98zjpPPWpg92gcyRwQPF4r,0,4,445595841,15,0,1757412226
HZNjWfDKFffkdZqrscXGTC1PnT7G3UQESQN83FAFkhRh,1757412208,sim-1757412212529,17376518201528,505050000,ANALOS,LOS,1757412223,NOFLOW,501708867,-3341133,-0.0066,HD1VJuuzxE1CHxTQQxB1E6WNGVRkzRw5TNjZ3CRHZ7h9,0,3,1015595840,15,-317924561,1757412228
64M1mUxEfDCApbgKtFsfFkj9GLMDbRWiaW2c4fGfLnDV,1757412221,sim-1757412225599,17376518201528,505050000,How to be a monk,Monkmind,1757412236,NOFLOW,488524184,-16525816,-0.0327,B7VQPzep22UzucCrdEAkQEP7m7wPoeYpQNEzx2F9sDu9,0,2,616486720,15,-1118334477,1757412241
2ybfvUy4CATXgpucKfeLmUoBtjvJ9jv2akhWNH4TCBS9,1757412251,sim-1757412255192,17376518201528,505050000,Laggy,LAG,1757412266,NOFLOW,470504347,-34545653,-0.0684,3Qraow2jsMfPBAdXnpnpE4eZsPY2Kcs6fYddQASLZ8hE,0,2,44821610,15,-1853782278,1757412271
ARSdEzM2rdme6dqMiDFTXAVXUrg136umcEchyiY9pump,1757412279,sim-1757412282817,17376518201528,505050000,xAI Grok Heavy,GROK,1757412294,NOFLOW,472953220,-32096780,-0.0635,CZ18YscXCNFXprHu6VBZkY2Vz2CvxQKj3GHVuGDKXv8u,0,2,206957017,15,-1000000000,1757412299
FAGf2nTomTD7CJfMt7nKjtqA5mgCSUB634wQybukSzyb,1757412303,sim-1757412306881,17376518201528,505050000,FUCK YOU!,FCK,1757412363,TTL,475099641,-29950359,-0.0593,6KN2C2sho8hoRzXjQhMEu2GjfRfL49dLpHivobLx5izh,0,2,1006704537,15,781934032,1757412323
HuBR5TaKYrqvGFzgYGFQofh3JW8jKe1ic7VWXbvMFBDg,1757412332,sim-1757412335699,17376518201528,505050000,Drift ,Drift ,1757412347,NOFLOW,467092390,-37957610,-0.0751,7zgBYutYbq2gxdBV2HsgagfRmXo346r9VMfmD73Qa8so,0,2,16595840,15,0,1757412352
FYWD6vivHZF2SdDUuPVoGWW5XGmooknN51Df21qnpump,1757412346,sim-1757412350856,17376518201528,505050000,Popcat,Tsukune,1757412351,TP,865846018,360796018,0.7243,7ErqP3hYg1F24usYxcXf8AAfKehkckkvfbPQwTnHGuMf,0,2,15595840,15,-184279749,1757412366
G82HMSo6mHqhY1XdxFK5mrLfGSruDq23J3PDBp34KLf5,1757412365,sim-1757412369477,17376518201528,505050000,Chillmas,Chillmas,1757412380,NOFLOW,470147186,-34902814,-0.0691,2hngo9qiSTKeSH8AVNF1h2RAvon2DxLP7ownouzEWRP9,0,2,115495513,15,0,1757412385
69d5wmUGXi2pBYcWupsPJpoLgE1ou7niCKaGdkC6dnwC,1757412370,sim-1757412374047,17376518201528,505050000,Solcoin,Sol,1757412379,TP,862897826,357847826,0.7185,6Fno6remTUVx1c1sDUqczGJrXk1GjKsf9WEeVT6ZVfHF,0,2,515595841,15,10398831006,1757412390
C5KZoA3ci5ffKuUm6J1ADtSkB4PS3Yv8foGT9JerJBW4,1757412387,sim-1757412390169,17376518201528,505050000,No Surender ,NoSurender,1757412402,NOFLOW,470150290,-34899710,-0.0691,6xP9JquyiAwxeQbierZNznjiEEJPxs2uy6e1uLmyzC81,0,3,115595841,15,0,1757412407
72WSvjqLi4ykHCR9rZQoh8cvGWdMQwr2yeHXRJFKmKq1,1757412397,sim-1757412401405,17376518201528,505050000,Community of Cults,CULT,1757412412,NOFLOW,595233133,90183133,0.1785,9zTTdz5H3zyLBSCJpMEAHnRAnsioZTHqpQZ4st7w9DhZ,0,2,1015595840,15,-1203677160,1757412417
D1kyotQLyWfYrFv8nXY8vrSyAL5jLB2njoAbFruabd9i,1757412445,sim-1757412449489,17376518201528,505050000,Yusa,Yusa,1757412460,NOFLOW,468654877,-36395123,-0.072,8rWB1J9v573ZoHgtXfT6wKYXSCDdV1S26dTZhUXSFN5u,0,4,1215595841,15,-2634197520,1757412465
2Lb1MXJsARAHypWp11mpK19Rs8AHxesBduULPuhFG1t9,1757412557,sim-1757412560265,17376518201528,505050000,The profit rule,49,1757412617,TTL,499017970,-6032030,-0.0119,4xJonvET6HYgTENCcDwWWUes5NvcFRNKG8tq1hJpSved,0,3,615595840,15,768658037,1757412577
F3nx3TVbiUC8qwDAzMYqncY8JKy2WZW842eeVAfCUuXH,1757412562,sim-1757412567168,17376518201528,505050000,May Grok Companion,May,1757412577,NOFLOW,467678507,-37371493,-0.0739,9v5kT6XDDknGB6Gf845wjbFFwvRTrDMjZxzWxyzH9oaX,0,6,35595841,15,18247486,1757412582
U9Bt28bcnWo66FYaNZnYXMTGpkYD6HcLU7MaQGKEqP9,1757412572,sim-1757412576172,17376518201528,505050000,The Prada Bear,Nagano,1757412587,NOFLOW,481013237,-24036763,-0.0475,EdWNJmhCkm7XvnMHmwdxMDouHMSFKo7HgJ2twrZ8j65t,0,2,1515595841,15,-1256031059,1757412592
B9mLSDutFuQ2byf7WheXw4GECZ4aLvRhMvJ2oG4JpE5E,1757412604,sim-1757412607606,17376518201528,505050000,First Proof of Burn currency,SLIMCOIN,1757412614,TP,912997893,407947893,0.8177,EaAVtHDKJG93Bzawb7hsMVFrhUqcHh3gWQRX53TVGCp7,0,2,515595841,15,8066170744,1757412624
CA9jab2i7BisdnArJVHtoGnRKVwDTz172TYc5aubZ4bV,1757412645,sim-1757412648624,17376518201528,505050000,Zazen,Zen,1757412660,NOFLOW,468143728,-36906272,-0.073,9hQMiE3Lihj9pMkFBaNuyCyC118DAHkqnqWDWzZFiV4A,0,2,45595840,15,5010088,1757412665
9cxYz2q4pJbE6MKC5eXmcBR66KJgrVS2P9NmrpTvV2Vp,1757412654,sim-1757412657726,17376518201528,505050000,HARU URARA,URARA,1757412669,NOFLOW,476357494,-28692506,-0.0568,DzXaFuDDrN69KHtJPBQM3N8jsLQNhiJkHGniNCsEJUAF,0,2,315595840,15,-999999999,1757412674
3GnLz9op7JvWatoqkF8FxvLtkwAZjAvFvZaTxt8Wpump,1757412721,sim-1757412725228,17376518201528,505050000,Zone,Zone,1757412756,FLAT,475535614,-29514386,-0.0584,87wDScS4gotWapCECBHG8wiGCmN7p6tkrEi41qZs8CWG,0,2,18837593,15,59097054,1757412741
PQucfskGVmzkMD3zdMYCxyaf79spyFrgWmrWZEw2Y58,1757412741,sim-1757412746000,17376518201528,505050000,Villain Arc,Villain,1757412756,NOFLOW,493858351,-11191649,-0.0221,2wEYkxhvmyqNqez5ZHuFfrovc9yk7bBrHtBE5ddarvwb,0,5,1015595840,15,297721726,1757412761
AGcvWGiVtyM1rthvEyKkqv7KNTHzpYQp49mCt9YbC678,1757412744,sim-1757412748486,17376518201528,505050000,Nige,Nige,1757412759,NOFLOW,467077159,-37972841,-0.0751,8rWB1J9v573ZoHgtXfT6wKYXSCDdV1S26dTZhUXSFN5u,0,5,1500199946,15,-1465775820,1757412764
BwVj12QpVepwZworNakgn31j4TebpMLB2FadRfroR8wD,1757412745,sim-1757412750889,17376518201528,505050000,IS NOW TOKENIZED,THIS,1757412760,NOFLOW,498394650,-6655350,-0.0131,FdTup8USe9DrzRSB7VEZKenaJGuf6B4YnQbMUf9SZwZv,0,2,1016486720,15,0,1757412765
C48F4EX98gmtfCZKA4bJkGmFrRHqy6rmUktoKBK8pump,1757412763,sim-1757412766880,17376518201528,505050000,Lil Snorty,Snorty,1757412768,TP,756062422,251012422,0.507,98DVoKWPpCLWmtvB6375L7gfXPsCSMxLno5cYais7wKw,0,2,269611720,15,-162768961,1757412783
8JYEEh6aNpgjWqSyLVT5BYgCuryLdwfQX3cQHA86d88Z,1757412764,sim-1757412768664,17376518201528,505050000,USA SOLDIER IN UKRAINE LIVE,UsaBody ,1757412779,NOFLOW,476975689,-28074311,-0.0555,9bMqwE9TGVMdHnV4J2YVaQ1sum27Vr3ganuhaVZLeBKk,0,3,315595840,15,9801980,1757412784
FvEzYUeSHZUMFBwsX76ybhmYPb64rX6wbBWSuoawJHLz,1757412777,sim-1757412781075,17376518201528,505050000,Waxfuck,Waxfuck,1757412833,TP,761303705,256253705,0.5173,9dvXc6Urna5a7EkB5ZME56tG6YbWzVNCohJLxqe4c1Zd,0,2,1766486721,15,608798929,1757412797
7RWprdjjkqqaKiuvGWjRjnNbcinCcPYmtQoWvUNQCHjK,1757412780,sim-1757412785477,17376518201528,505050000,MineGoldCoin,MGC,1757412795,NOFLOW,467061552,-37988448,-0.0752,56RAp8yHzUJXqYFF3HaiM1GE2DvtgjE8xPqVBz6FfijG,0,3,1015595840,15,0,1757412800
DYiHB8qAm4MuCr3w5GqJLTtPfUGK1hCFmTpFbjLRtPZs,1757412871,sim-1757412874384,17376518201528,505050000,AI COMPANION META,Audrey,1757412888,NOFLOW,468626598,-36423402,-0.0721,8rWB1J9v573ZoHgtXfT6wKYXSCDdV1S26dTZhUXSFN5u,0,6,1515595841,15,-1722432196,1757412891
4uXZoafVbRPgpXetBfhsnjcrj4ZoMXSBcBok2n4gaioD,1757412879,sim-1757412883537,17376518201528,505050000,MSTR DOG,HANK,1757412894,NOFLOW,566683690,61633690,0.122,B3HszkxJj4LCoeZkAWPFBQQEaPxDTCTc5f6HN9mmeXSD,0,2,1515595841,15,-2156546311,1757412899
42LdxWXJUeSQ7NtVSr5xa2fCDtSyHGciXLpU8M3qSHD9,1757412906,sim-1757412911464,17376518201528,505050000,satsumaimo,Sweet,1757412921,NOFLOW,498394650,-6655350,-0.0131,7AFVXxGBykcc8GfpWsCYwZjfezTwzhiwg5xRj359YLK5,0,2,1016486720,15,0,1757412926
i8sjxZku7zyKZsEmUyw24R7UzwLPcQA2xwRnioApump,1757412920,sim-1757412926852,17376518201528,505050000,Gigachad,Gigachad,1757412935,NOFLOW,467359646,-37690354,-0.0746,BprKZJjAV97oQKkXL3s4x8weNBwWzL4AbffS3xqjBB4b,0,4,420115603,15,-409801979,1757412940
8ZF5mgVYTqjW5rotBeHozRMhhCw15D8Dcug3meusz775,1757412922,sim-1757412930369,17376518201528,505050000,Garfield,GARF,1757412937,NOFLOW,467373064,-37676936,-0.0746,2MYzciRvfF2Cv21zyxNj7GjZjcaSJeaTWrETX48JLgY1,0,5,25695840,15,-9975308,1757412942
4r1jXjqo7yLDBGK4dXpSVkYkyEUkUSHFwKYwazXuEA3q,1757413016,sim-1757413019293,17376518201528,505050000,White Coin,whitecoin,1757413031,NOFLOW,475188755,-29861245,-0.0591,A6J8PVQvgMq4ZzJi3uBbJUx9FyyixKZQNUXR3ERp2PFB,0,2,76426602,15,-9801979,1757413036
GwDc5v3u2V9B42myeVeEFhGZBuLBurkZp1amKRKADYcz,1757413022,sim-1757413026604,17376518201528,505050000,Lasagna Coin,lsgn,1757413037,NOFLOW,467987134,-37062866,-0.0733,TBucwchkNu1CTLrUDfxnNmCThky2ZXg5XPzEjnXmctd,0,2,45595840,15,-9801979,1757413042
3FK7TzDzPLGkMZjwRue9azLbKXMNUYM51EX2yUSsD1MK,1757413041,sim-1757413046537,17376518201528,505050000,SafemoonTRIBUTE,TRIBUTE,1757413056,NOFLOW,470150290,-34899710,-0.0691,5NyvaDwvHMzuyfySNvqt7ERnFPhJmoMYrLDc7BjWBc7u,0,2,115595841,15,0,1757413061
8iyGZ23521pEgqc9gaai4HVQYLozxY8Nh5UK8kXSpump,1757413078,sim-1757413083343,17376518201528,505050000,jewish doctor,jewdoc,1757413093,NOFLOW,495698225,-9351775,-0.0185,FdALMrXFfVcAn3P8gFtTh93ZajQtZnZsYwyQUTU4FSoK,0,4,1027615600,15,-591546759,1757413098
Dhgaj8dJuqg3VZWn84iNEJNkiV26ce7rdwheq3BrdAJQ,1757413079,sim-1757413085148,17376518201528,505050000,Gamble Flywheel LIVE,GAMBLE.FUN,1757413094,NOFLOW,587213986,82163986,0.1626,51kfJz24ce8U9zfC4ieVu8wZ2uMFapttcRvov6Zt8jsJ,0,2,116486721,15,390460202,1757413099
8xNbPLGeoUB66M94JWHMZiZ5Z8MnJDcY11v64z7EkEwT,1757413082,sim-1757413089270,17376518201528,505050000,Just a hanged guy,HANGEDGUY,1757413097,NOFLOW,508942142,3892142,0.0077,57cF1U1Grit67VY4KXpqJgA87Joxwb9a2J5RdSktFDV5,0,2,1316486720,15,-2308939995,1757413102
DYqAFMn5VjGNgY9UwR6GvryxubRriJ4u9xqADzZFMW2e,1757413144,sim-1757413152931,17376518201528,505050000,Autistic Creed,Ivan ,1757413184,FLAT,476279658,-28770342,-0.0569,4H4A2SiavtEhzDxQfxWjgUgCxFhakBwFkx9n8QLi9Zhk,0,2,65595841,15,244444442,1757413164
9hHwMY3dT9CyqYhtyWB69RMTbsk4qgcQei4gujw1MeqL,1757413200,sim-1757413203180,17376518201528,505050000,Breckiebaby,breckiebab,1757413215,NOFLOW,485908081,-19141919,-0.0379,8b1PwpES8uqyxAQXftxLYyqmhUf3TMK5pjQpij411fQr,0,2,616486720,15,-1000345519,1757413220
4EoomRcqCRAbCb3Uot1YhDE9Rpthit2TA2vssSaKAKu8,1757413225,sim-1757413230059,17376518201528,505050000,BUBI,BUBI,1757413230,TP,1578675062,1073625062,2.1357,A9AP1hHueZ4J9A5k8mPS1nFVy3wbKSC8BUmWrfujYjKk,0,2,1458819250,15,-19496100993,1757413245
BjKg2VMh279dDHQ3cuzJRDiurH3nN3zyAMo5LJsBKscZ,1757413246,sim-1757413250187,17376518201528,505050000,May Grok Companion,May,1757413261,NOFLOW,467678507,-37371493,-0.0739,9v5kT6XDDknGB6Gf845wjbFFwvRTrDMjZxzWxyzH9oaX,0,7,35595841,15,0,1757413266
6tVnc58pzpTextFfuvnmUHYPjUJfSu5Q4vD8Bt9sDeSB,1757413269,sim-1757413272885,17376518201528,505050000,Nonce in school girl uniform,Nonce,1757413284,NOFLOW,498394650,-6655350,-0.0131,668pKTfa9f8XKdvjifEqAoqqtCBGzySo2AG5SWwmHsgJ,0,2,1015595840,15,1466666666,1757413289
Htys69MNZFwYmAWuDd1Jhq8E86f4mi14S5KfpMpPM8hZ,1757413279,sim-1757413282752,17376518201528,505050000,Corn,Corn,1757413294,NOFLOW,511157840,6107840,0.012,ELaipwniexdRogrANeunESrtdtCEvzfDNWNECnVDKGpt,0,2,1414131382,15,0,1757413299
Ba2aSy7UjxztDbNYJdMv3A3LptfANRVhciSv2LTYYgfs,1757413323,sim-1757413326378,17376518201528,505050000,The Apologetic Login Bird,Makapu,1757413338,NOFLOW,514432350,9382350,0.0185,28FTkZ8NNXkiJV1SKDMdiPCNoMXtf2x1oEaxYUtMYuYM,0,4,1515595841,15,-80203811,1757413343
3sSfBXxqPwU7tGSYoJnhZksqkMVUwWfgM8VdqHJqpump,1757413330,sim-1757413334867,17376518201528,505050000,Lil Snorty,Snorty,1757413345,NOFLOW,470454989,-34595011,-0.0684,98DVoKWPpCLWmtvB6375L7gfXPsCSMxLno5cYais7wKw,0,3,268720840,15,-1568187684,1757413350
AGMcoU3nYK1ZyE9HfNzngwbpF1McJdZsf5NuMG8vfSh5,1757413332,sim-1757413339314,17376518201528,505050000,The real Giga Chad,GIGACHAD,1757413347,NOFLOW,653113550,148063550,0.2931,At9Lxx6MgJxGzj33RHn57LaSkC7incZ6XpaN3BiMC2k,0,2,315292882,15,3034299779,1757413352
GebpVApV2ytfH5PEyofbGNsjuhdBEBH8WvU4GSrbnwZv,1757413439,sim-1757413441966,17376518201528,505050000,Hyakugojyuuichi!!,H151,1757413499,TTL,523654579,18604579,0.0368,4Z6p31P5Gq74o23jp9SknrD13FHTMHX3Yqgx6jnAVtzU,0,2,1216486721,15,579413072,1757413459
D9E6DqstABpoWz8yML2pD3SLkhaEUhZVb4PJ6Wzik8nT,1757413469,sim-1757413471490,17376518201528,505050000,Keep Deving Fun,DEV,1757413484,NOFLOW,470011011,-35038989,-0.0693,79zoWT4WfdDog1ZxkxDsTkYnKE4YjEr8NuhCyNaX5Mbu,0,2,916486720,15,-1392219616,1757413489
5EfhLDBnMCUNouw45NLXzeZbDtW9JmFodprfbwdHfua8,1757413495,sim-1757413498526,17376518201528,505050000,Gold8,GD8,1757413535,FLAT,530099039,25049039,0.0495,F3GJWkAj6mUoMyuANAipA5LqkCaLwVbNMP2jcFpFxpu1,0,2,15115600,15,2054723859,1757413515
6MwmazpcQrcxxyHNgDyXF6eTbSFtJz3GAi43jDFA6og9,1757413600,sim-1757413603609,17376518201528,505050000,PIKA POWER PACK,PIKA,1757413616,NOFLOW,496804481,-8245519,-0.0163,J7dnRrojUzAsertqHSEBcxhSzYYEfG8jNUZ8P9bpqYzo,0,3,965595840,15,0,1757413620
6NKdtT8UPqGpWi1HvBhhu5tQoadGQ7Er5DFbDhdFzPj5,1757413612,sim-1757413617131,17376518201528,505050000,ivy wowo,ivywowo,1757413627,NOFLOW,486001936,-19048064,-0.0377,EPzpbdNyPeQCmP75uGxim7ZJXkdggB7cBdeqzwCG3kfx,0,2,616486720,15,-1208799999,1757413632
Ca5LgHHT4T7eQdMsXWv4j1sH5N3tGEry6nTodMrxE4V2,1757413617,sim-1757413620752,17376518201528,505050000,66 Dollar Hacker,66,1757413632,NOFLOW,470150290,-34899710,-0.0691,6xP9JquyiAwxeQbierZNznjiEEJPxs2uy6e1uLmyzC81,0,4,115595841,15,0,1757413637
FGNcotbTT2yy2uRBEwgSnauEPaHwPrduTpFUC7SKRwWP,1757413617,sim-1757413623198,17376518201528,505050000,Coke By The Ocean,COKE,1757413634,NOFLOW,503875599,-1174401,-0.0023,3Knxd6DueofZw5ReFaRf6CRqFVQmwqRGa6C4i6tiuHJr,0,3,1915595840,15,-1175571068,1757413637
87FXLTWmRjihypguHrRy4RdRWQmoX9QNKxUKj9HQpump,1757413628,sim-1757413633772,17376518201528,505050000,Shitcoin,CACA,1757413643,NOFLOW,479632137,-25417863,-0.0503,BprKZJjAV97oQKkXL3s4x8weNBwWzL4AbffS3xqjBB4b,0,5,420115603,15,0,1757413648
HVhuJcKBfGrqum4KZvQoC7C6d6XuqAKy4zveR1JoHa9T,1757413637,sim-1757413642177,17376518201528,505050000,Kirby Hates AI,Kirby,1757413652,NOFLOW,498397801,-6652199,-0.0131,J2UhEbRb3CEQVzz7YnuG7XXV3TmZUSN3BGbRbHF3aoPK,0,9,1015595840,15,97777,1757413657
CuAf6DUJdcav2yASqyZzkE7EPmwU1VyuRe1z56Zfpump,1757413655,sim-1757413659242,17376518201528,505050000,Oggie The Frog,OGGIE,1757413659,TP,4322050887,3817000887,7.5676,9x2MaNbRdHvyqK2JAb4jReFBGfh5kKR9DPaeNaEreN5b,0,2,714396436,15,6224424148,1757413675
8NmiProRnMtBoPDNt7MjvGx8N2bEmkhx2Secqh2YWbfP,1757413662,sim-1757413666999,17376518201528,505050000,Donald’s Birthday Note,NOTE,1757413677,NOFLOW,662675389,157625389,0.312,CPUimVv9VhEooW3ZsYxcWY84sPVePdcLxr6zV85mFRmE,0,3,1314240261,15,-266445515,1757413682
6DN4Uw1GCpwQEA8XLwnJen1rvAm5JzHPpTi7GuU9ESDH,1757413664,sim-1757413669250,17376518201528,505050000,Fact,FACT,1757413713,TP,768597624,263547624,0.5318,D7ryj8uXToFD372setg9y17CBKMUEvhyog2fd4KxyYf6,0,2,1816486720,15,2126137431,1757413684
Ciwp58FEtwv6PNyE2eCzRfS1UK6UQxGY3tXS8qgrpump,1757413665,sim-1757413671776,17376518201528,505050000,Suspicious dollar,SUSD,1757413672,TP,893610322,388560322,0.7793,Aa7h4bdVdWVasuMHkvTUfGD7jVczFevv9edor1F7CZ7K,0,2,1535236720,15,-1442931977,1757413685
ATMbNYjZJk6dvheT88MtGSdrk1wot4Kgc7Cxea6Apump,1757413674,sim-1757413678978,17376518201528,505050000,Oggie The Frog,OGGIE,1757413689,NOFLOW,479632137,-25417863,-0.0503,BprKZJjAV97oQKkXL3s4x8weNBwWzL4AbffS3xqjBB4b,0,6,420115603,15,0,1757413694
DG2bsd4kGgcyNdJUGdxdiQHAaQtwuQeXZuA5vfwSe4Ci,1757413725,sim-1757413728740,17376518201528,505050000,stonks,stonks,1757413785,TTL,707819262,202769262,0.4014,At9Lxx6MgJxGzj33RHn57LaSkC7incZ6XpaN3BiMC2k,0,3,315292882,15,1324133736,1757413745
DCzMkrYseUL3FvGxe1jg52kCoU9UqqGfSvFJwumdpump,1757413733,sim-1757413737360,17376518201528,505050000,BOESHIT,GigaSHIT,1757413753,NOFLOW,467061552,-37988448,-0.0752,BprKZJjAV97oQKkXL3s4x8weNBwWzL4AbffS3xqjBB4b,0,7,318865603,15,-299999999,1757413753
DJCPz6TNuoPAeCuxAR6SsoBvJz8WL224ZeWMFzCNRB3e,1757413765,sim-1757413768571,17376518201528,505050000,One TIme Pump Coin,OTP,1757413780,NOFLOW,534522018,29472018,0.0583,6KN2C2sho8hoRzXjQhMEu2GjfRfL49dLpHivobLx5izh,0,3,1006704537,15,-619728471,1757413785
5z7Kk1hYv1VnUjSd9DHhxTH9BrvhEaermrvdvKVULK6H,1757413780,sim-1757413783542,17376518201528,505050000,Luxe Coin,LUXE,1757413795,NOFLOW,527759173,22709173,0.0449,3LuLdbjc3xXQFidhUCK9fTdcXvH66C71Kv397ZutCti4,0,2,1816486720,15,-2270646241,1757413800
FKHd1QCW9UXx7tUtBLm3B4As25WWnfXeEbJ5JErkq9wF,1757413833,sim-1757413836131,17376518201528,505050000,NEMO,NEMO,1757413836,TP,1526008449,1020958449,2.0314,Cxqmoeje7zbFEaMyTaALZK4ACPn3afrsNnqwjVRYJRZp,0,2,1468944252,15,-23778706990,1757413853
EXx5H46Ak7PNUjziGNt2bGndJXUJaCVRWXKdvAX3TpuG,1757413838,sim-1757413841566,17376518201528,505050000,Chillmas,Chillmas,1757413853,NOFLOW,487819477,-17230523,-0.0341,9ESWNyprDaZsja8PCw2ppbFDvFzZ1kXaNYJbPEv6csAD,0,2,1516486721,15,-2636495749,1757413858
DCHDF7yUNv3BQ1yN6a25ASAEpEYXrxrnJ5h64ua6e7CT,1757413910,sim-1757413914151,17376518201528,505050000,Chubby Chris,Chris,1757413925,NOFLOW,495216788,-9833212,-0.0194,4xJonvET6HYgTENCcDwWWUes5NvcFRNKG8tq1hJpSved,0,4,915595840,15,-888888887,1757413930
J5ECR6VnKcHzSQajkP3tzXkUoPxPzuBxGGk3Bu31zhcQ,1757413934,sim-1757413939785,17376518201528,505050000,LiveDex,LIVE,1757413949,NOFLOW,697692355,192642355,0.3814,HKizAixbgEGYep8EYQQ97CoQC915Q2uqppnya1GCUPqB,0,2,1016486720,15,-3180176806,1757413955
DRY5GFiUh2YNcqL6Az7MmB8rEyPDL3PevqpeGHtab68J,1757413938,sim-1757413947328,17376518201528,505050000,Bad Bunnies Knees,bunknees,1757414000,TTL,628467678,123417678,0.2443,2JtAstqsS8AhnHaWFPz4H65cKB5PFu2CtJkMokpbrD3D,0,2,1015595840,15,2252971633,1757413958
9cP7RLndsoz4FhZUwwRqzrr2VyfXRot4c3qE3tHPpump,1757413949,sim-1757413954436,17376518201528,505050000,The real Giga Chad,REALGIGA,1757413955,TP,1464617575,959567575,1.9099,9zMg9pEUvNVidr54xD4E5oLjiwu2SiuxJiSaU6EEW4Un,0,2,301343725,15,3362803583,1757413969
6cPjBggF4PzN9r1vgNB8kY9VyiPPAsXgevn6qkBwe8o5,1757413988,sim-1757413992835,17376518201528,505050000,Tepipi,Tepipi,1757414003,NOFLOW,490958064,-14091936,-0.0279,EK5nL88U6xYViMfxCuv3MEJwVppU9S2JCwjFpd9JWRQn,0,2,516486721,15,-1321139768,1757414008
B5B8cvr3aToQJ4AaEqPyhh8GZEdxTchpVkuAVg1jGCy,1757414009,sim-1757414012716,17376518201528,505050000,Performative Male,Male,1757414069,TTL,565304872,60254872,0.1193,C9TGKPhBf3ovo4RrjeP2bThyhP37DHLgkTqkkvFE4mMs,0,3,1015595840,15,534549484,1757414029
3wuVPViwHX9zDNP8SC3AdzUHqfugEPFrbTdsespwpump,1757414071,sim-1757414075341,17376518201528,505050000,The Gyattster,BIGASS,1757414086,NOFLOW,476474257,-28575743,-0.0565,BprKZJjAV97oQKkXL3s4x8weNBwWzL4AbffS3xqjBB4b,0,8,318865603,15,0,1757414091
EbZVhQW9LYCfDy87dtZhx94avNW82QMC7mGhF8aJYkic,1757414093,sim-1757414096907,17376518201528,505050000,Timeout,Timeout,1757414113,NOFLOW,523920939,18870939,0.0373,AkKfvqzJaBP58nSXtbVV3oTJqXRLVbYAWpWYJ4WTdAxB,0,2,1496486721,15,-988310980,1757414113
2c273QLPd8Wqhy8Ub9PoURBhyu6FaTzNPQB1MpKgTvLc,1757414099,sim-1757414102532,17376518201528,505050000,Justice For Tuco,SPRAYMOND,1757414114,NOFLOW,498394650,-6655350,-0.0131,GkbGgBVxwjPkyVU1chLp438PrYyArx4mUyRrmH8vya8D,0,3,1015595840,15,-163560485,1757414119
mcdzNuoSN5VyjuePFoCXJ9JFN95un3L4rq3tB6Cpump,1757414110,sim-1757414115737,17376518201528,505050000,Berlin,BERLIN,1757414125,NOFLOW,499097169,-5952831,-0.0117,Apf7YjYyVk7CqdrBQdAstkAxny95eyyvJvQsuWKVCvG2,0,2,1027615603,15,9446662,1757414130
C9146HTSdkmHHPFu6yt2n7HuvzXqWUp25eSS4hRXPsND,1757414135,sim-1757414138618,17376518201528,505050000,in fart,art,1757414150,NOFLOW,470150290,-34899710,-0.0691,HNy7rdyTYUuyHroFdK9VbFn1utyn5LnkWeLDMnpv3GXW,0,2,115595841,15,-498926102,1757414155
7LzPQePAMYwct2xdJi3FP96fYfdZfd3NvcdjREJZ1XPd,1757414137,sim-1757414140723,17376518201528,505050000,Infinity Castle,Castle,1757414152,NOFLOW,480410093,-24639907,-0.0487,4hhL12EkEWAaoLFK9PRe73ZikzYeJQzfnACraKvoEQ48,0,2,441417941,15,-1075099009,1757414157
7AHqPSQKUwxLKEYAQLhaDs9AEzFSsuzn3G2hoPgHiWA9,1757414173,sim-1757414177117,17376518201528,505050000,#NepalGenZProtest,GENZ,1757414188,NOFLOW,482955696,-22094304,-0.0437,4FeMMZWF4c6831n2xLqFB3GiJ9ZTEPyJfgFkMaHjv2Mh,0,2,521365573,15,0,1757414193
EAdRJrqsBY1QCFKnE79qbRNWMTeqkocz1QRy9xin9ju8,1757414184,sim-1757414189365,17376518201528,505050000,Performative Male,Perform,1757414199,NOFLOW,467211366,-37838634,-0.0749,3XcpL3R4w1Bs8JumnN8t3dbzvkbqD29UDhNCKyvFkdyZ,0,2,340595840,15,-325888643,1757414204
EUgnEds6T9CGgoF3p4TE2orxfPHx68PiHJHvnST5Yizr,1757414186,sim-1757414191781,17376518201528,505050000,HARU,Urara,1757414201,NOFLOW,479630958,-25419042,-0.0503,9pSxKpWaSqo1YYAfADuryM3aSNVHZ6NhDA23mp7XTaPY,0,2,416486721,15,4900990,1757414206
2tbuLPyYdjumJnJg58nJZ8zmya1GnwZ4UMabompKGBAz,1757414186,sim-1757414196110,17376518201528,505050000,JUG,$JUG,1757414201,NOFLOW,504740110,-309890,-0.0006,2kdnVr4ARb5Fw24Y86uYCyNNJtkX4mu25V8nFC4AAik7,0,5,1214348483,15,0,1757414206
GQcG7No7P8Y7gAAQbfeDFH4bDunFG3mWB3v18GSuk94h,1757414194,sim-1757414202313,17376518201528,505050000,MASTERCLASS,MASTER,1757414209,NOFLOW,469377177,-35672823,-0.0706,nigga4SK9hQgbiJAEjQ2JiNgv2NGRC24uEBRTrBY4H5,0,2,91486721,15,-29323770,1757414214
Cwj7CnkrqcdN2FnjGtEJxdBheHc7d8xQQkHjHRBwTfRJ,1757414257,sim-1757414260034,17376518201528,505050000,First Anti-Cheat coin,$VACCOIN,1757414272,NOFLOW,474801977,-30248023,-0.0598,ETtpnXf2vYibmtfzdrMTdrrFmKxZBmdpZfwt6BzZKmzX,0,2,265595841,15,-4900989,1757414277
ES7UMmWvkgFvVwhBEp3yeHoyTTvKy7QGkLPbRT7U6xtu,1757414263,sim-1757414267108,17376518201528,505050000,Gen Z protesters,GenZ ,1757414298,FLAT,469222629,-35827371,-0.0709,3zdx8jr8YgcK44QhPYoxSC387LRfLSoX7DruJboAMmrV,0,2,66486721,15,14852097,1757414283
GEziLPBYbb8r9vn7vGGC3qiEgTaUFduXc2qMQbXZF7qY,1757414268,sim-1757414272140,17376518201528,505050000,lil snek bro,lilsnek,1757414283,NOFLOW,473264304,-31785696,-0.0629,GM9jA6hKzkx9GVzxpcrdLMCiCuWPEf78AmycVKsm5bkH,0,2,1516486721,15,-2358224669,1757414288
2aCjpBP2gX1rhUosEw8qr18J1L5dYxm99oFJ9pHXpump,1757414278,sim-1757414283007,17376518201528,505050000,We rewrite em,WeeWeeRida,1757414293,NOFLOW,467373679,-37676321,-0.0745,5fe2bX9hbmYUyB4xPSaTZwFwCzpK163gp2SEdGZvkZqG,0,7,1533865600,15,-1490004994,1757414298
GSbauyJoGkKbB4LZ6JnVUkkGHVm2owRvfJDJY4UyVY7X,1757414305,sim-1757414309044,17376518201528,505050000,IN FART,ART,1757414320,NOFLOW,470150290,-34899710,-0.0691,HNy7rdyTYUuyHroFdK9VbFn1utyn5LnkWeLDMnpv3GXW,0,3,115595841,15,-498926102,1757414325
jnaPE3isamYQQBxLwet8E9RJVCaSZMfuVhXrgdvTNCc,1757414313,sim-1757414317616,17376518201528,505050000,Battle Toads,TOADS,1757414371,FLAT,479475954,-25574046,-0.0506,Hsc6S4xbAUe7EbFVbzYHRSr3h6GnaiRsNuoBKPwCEUMJ,0,2,415595841,15,547835349,1757414333
BjC6tCPafJ8LmUMAqMrKwwjASTLYJLMdiy6C2c1epump,1757414330,sim-1757414333768,17376518201528,505050000,Romantic Homicide,d4vd,1757414345,NOFLOW,486005766,-19044234,-0.0377,D7PFWY9pEv1zAfoxoDZem84Ly4GDxTGHhwZcHkQZNV7A,0,2,1686631480,15,-168375927,1757414350
ARW17d3GA7moSD7dgTiFXGwGE1JDKH4jzR65uf9dpump,1757414381,sim-1757414384836,17376518201528,505050000,PEPECOIN,PEP,1757414415,FLAT,501051405,-3998595,-0.0079,EW4TR562iVeTcb8rcY1ViysWQZcZxfu4W5TKgxhbR4vp,0,2,948788701,15,149197067,1757414401
5Y9EFhBpT9xKRUZMU7z9EcMhcGp6LsQYn4YmZ12bpump,1757414390,sim-1757414394655,17376518201528,505050000,AlterEgo,ALTEREGO,1757414405,NOFLOW,486461448,-18588552,-0.0368,2HFPv3ERWm241AaxaVbg9wNbUvEVqk8kPeLeAPbv26eW,0,7,1027615603,15,-985440660,1757414410
CA4hqed8GwRf2mRQg3tLc57V9BLW9kLZiUmGwA3kfepB,1757414445,sim-1757414449014,17376518201528,505050000,Na Dong-hyun,Rip NDH,1757414460,NOFLOW,467987134,-37062866,-0.0733,7S3vRNscXmMZDrVuh9XnoBUBJ6ig3mtG4NrzWuNd4Kso,0,2,45595840,15,-864994445,1757414465
4ybyDxBg6cdcwiEDcXrzdhqCME3HwPUBq2Fs69sgAE9K,1757414446,sim-1757414451560,17376518201528,505050000,Gen 2,G2,1757414461,NOFLOW,498792578,-6257422,-0.0123,B9Zbs2W9VK22AHnCWiK4PqBueDFzN17RNAFu5uFozLMJ,0,5,1027615600,15,1173333332,1757414466
GRBYyScJiRjCpsUg1GBy1Coe6wQS89gEdLbJzg48pump,1757414451,sim-1757414455488,17376518201528,505050000,Gen 2,G2,1757414466,NOFLOW,475160106,-29889894,-0.0591,57EoXFGczo3zDnYn3gzDhvx8oFYtsTbgBAv8kX2N4YQH,0,2,1849111720,15,-33347191,1757414471
9UZfjPaYVySjY72QEXzJ2xDbwNACn6swtb8RxoZGzxaJ,1757414501,sim-1757414504104,17376518201528,505050000,Power up crew,Powerup,1757414516,NOFLOW,554531346,49481346,0.0979,8AVfdZxgWosRggGgrzDmC6ZxPxMMRirjQoV1s1CkQdgh,0,2,1016486720,15,-3079335036,1757414521
Gmv8A48Tye1JuCnyw5bxW6Eqy8X5gvuWH7ofYaZAm6dT,1757414521,sim-1757414524446,17376518201528,505050000,Africa unity coin,AUC,1757414556,FLAT,470769228,-34280772,-0.0678,6azQD2JUoyi22EmdnN9LDe7nGApe91J7rEh1xqV8Mjtg,0,2,116486721,15,14852097,1757414541
c1eAhsNcZ7qezHimp3qoN1vaJr2Hu5nvNFF4Ts9yoMg,1757414546,sim-1757414550611,17376518201528,505050000,Logan Tipton,LT,1757414561,NOFLOW,498792578,-6257422,-0.0123,B9Zbs2W9VK22AHnCWiK4PqBueDFzN17RNAFu5uFozLMJ,0,6,1027615600,15,0,1757414566
5F7VYZem9fgsYQNWDAsXbiF4aSFaUTH8qppC5xPwW8un,1757414546,sim-1757414553036,17376518201528,505050000,Logan,LOGAN,1757414561,NOFLOW,498792578,-6257422,-0.0123,B9Zbs2W9VK22AHnCWiK4PqBueDFzN17RNAFu5uFozLMJ,0,7,1027615600,15,0,1757414566
FZL9dHZx9jVgwLHvvdgUt1opoGyBdgxL61Tg7jKbHtfs,1757414554,sim-1757414562830,17376518201528,505050000,Aspergillus flavus,Fungus,1757414569,NOFLOW,467092390,-37957610,-0.0751,6JLVZvHFPTJsw2ARZTLsoosRo8kQU17eg9tmJ11kJ6Y2,0,3,16595840,15,0,1757414574
3eGMapGvcGfMuRwonTNN7Xw3NcwxDnBQC5YLYeyH9KFX,1757414557,sim-1757414568176,17376518201528,505050000,Justice for Logan,LOGAN,1757414572,NOFLOW,513695461,8645461,0.0171,Eq8wRBS83Vj8ZDb6jHzNcMNBfSsRZDjQa1rgCZnQrYtd,0,3,1492309721,15,-80203958,1757414577
79YR2N8ouPbwks3bYgQttF1Xf68GgkKSX8KnzKmzXiHw,1757414586,sim-1757414590024,17376518201528,505050000,Call The Preist ,EvilBaby,1757414601,NOFLOW,492048822,-13001178,-0.0257,H5o7trB6m5WE6jHDp6oGnxxAoj48U49WisPvi6DJM6HA,0,2,815595840,15,0,1757414606
6YogRRpu5DnXCGAd14CmkmL69eJq2eyzD5YctrF6pump,1757414591,sim-1757414594950,17376518201528,505050000,Rip Logan,LOGAN,1757414606,NOFLOW,472608796,-32441204,-0.0642,ERrdP4qQzvTJH28kfhh8owkhN1pZJbcbTfuhqXHUHNqR,0,2,1909861720,15,-2031190477,1757414611
DzPy3XPxP9gjZsDRGzug4FuPuvreDQ965o8vhCfCRsYt,1757414658,sim-1757414661352,17376518201528,505050000,Cancer Cure Aspergillus flavus,Cure,1757414673,NOFLOW,467245433,-37804567,-0.0748,6JLVZvHFPTJsw2ARZTLsoosRo8kQU17eg9tmJ11kJ6Y2,0,4,16595840,15,0,1757414678
J7sKDjK9fAkzgutwmVnL5hVrztKU7GdLmNGfnYxP2n9r,1757414686,sim-1757414689383,17376518201528,505050000,That one scene,APOCALYPTO,1757414701,NOFLOW,470150290,-34899710,-0.0691,59NEArsQr9Xd4GCtdceno4NRBMAXczNSidyi534HGAG6,0,2,115595841,15,-1156972333,1757414706
3JosrjgnSD8izPWK1W1mAgtW9AJhLHCuJCT29XHopump,1757414690,sim-1757414694451,17376518201528,505050000,The Perfect Coin,MS70,1757414705,NOFLOW,495477717,-9572283,-0.0189,8cGeAkVLaBhM35pPiPjdFvUiuCbG7yGaF67r5GdMusbc,0,2,1027615600,15,-102990033,1757414710
Fi9hWmRDVE1zDch4VLUx3UdKFQVqfkzpZRafQMLhPXv,1757414718,sim-1757414721674,17376518201528,505050000,Politico,POLITICO,1757414733,NOFLOW,498792578,-6257422,-0.0123,B9Zbs2W9VK22AHnCWiK4PqBueDFzN17RNAFu5uFozLMJ,0,8,1027615600,15,0,1757414738
D9bu7byvuWAseH2JxCYfXJH6V5JoCVSZeGJvZsm6pump,1757414746,sim-1757414751053,17376518201528,505050000,just ice,justice,1757414758,TP,769615111,264565111,0.5338,5fe2bX9hbmYUyB4xPSaTZwFwCzpK163gp2SEdGZvkZqG,0,8,1533865600,15,3382157773,1757414766
DYoxpVidGuDCkB6wk8FfK7xETiiNDG9doyfVrHb1LpPw,1757414754,sim-1757414757549,17376518201528,505050000,Logan Tipton,Tipton,1757414769,NOFLOW,467987134,-37062866,-0.0733,A4qXZddEJ4ZNDp7EJtWqvFzoRKizJPcjtPttXNZ1FJBv,0,2,45595840,15,-4900989,1757414774
BYpvDvVHeJetERfQfK9Bc419j31YP8N1g3w16N93DMnL,1757414771,sim-1757414774820,17376518201528,505050000,Tired of solana,I'm tired,1757414786,NOFLOW,469183442,-35866558,-0.071,EAJABpSCBBBPozbK55hxSXpGVCmEdgKVHDE5hJnrRL8d,0,2,66486721,15,-981499168,1757414791
36eX1jKTWgwp5d49jp2WY7dNkCZXRcgXTARZ5tkHPyM3,1757414803,sim-1757414806914,17376518201528,505050000,Tikcoin Network,TIK,1757414838,FLAT,485308599,-19741401,-0.039,GbfvNLe9yBQqcbqhdATNBh32hMW426wyhztfqTSVhg8j,0,2,76426602,15,519753088,1757414823
HARFZaMuMH7kLUeqJUD21NuJRAEtz1qp7Sr7SrdrkcZr,1757414846,sim-1757414849594,17376518201528,505050000,Hooliganz,HOOLIGAN,1757414862,NOFLOW,474893365,-30156635,-0.0597,Bqy1P8ee1r5SeWEXdxAceAc2wCdBVNudtjzb3xc7FKU2,0,2,1416486721,15,-4244987339,1757414866
EYTEdWzS6gs4NdgFP1wXZx66n765QYZwt148rDKyBCJ5,1757414850,sim-1757414854282,17376518201528,505050000,Big Ass Head Bart,LEBART,1757414865,NOFLOW,534634597,29584597,0.0585,CPUimVv9VhEooW3ZsYxcWY84sPVePdcLxr6zV85mFRmE,0,5,1214348483,15,-3683953224,1757414870
GJcyEFJYgm2AzuBsSy93ojHkh6ahWaMCSqXduBUCKxwy,1757414858,sim-1757414861603,17376518201528,505050000,illegitimate,#illegit,1757414873,NOFLOW,467367619,-37682381,-0.0746,7mYnhkkWYUerU9zGSHq2WJWyoYEsJcE23d4UCFtCAV2B,0,2,25519321,15,-2000000000,1757414878
C62ccCVSGsbb4fdEJmQK3zLFWcPdMyxR7AHd4LX987o5,1757414890,sim-1757414895015,17376518201528,505050000,Refugee,REFUGEE,1757414905,NOFLOW,634031149,128981149,0.2553,AVFUMkRA9kJCsiVgLsqB5WLoqSwV7J8zqNV9cDhVbvEh,0,2,1033506478,15,0,1757414905
8azvHcFPgbyW4Tr2pDNHB1vcJRi1NBdjAUhkcEg3vExa,1757414891,sim-1757414896819,17376518201528,505050000,Haroon Aswat,Terrorist,1757414906,NOFLOW,473636967,-31413033,-0.0621,B3yVCxYqYmity9gv6WSmzcgxBFwTncML8CsucziP67kU,0,2,26486721,15,-857095296,1757414906
